Date,Open,High,Low,Close,Volume
2018-08-31,100.70674739392032,100.71534260754714,100.36104335311347,100.48826376119389,3474381
2018-09-03,99.00392522330138,99.29200348967147,98.51955347224863,98.96251881210488,3285798
2018-09-04,100.39817734836961,100.33008965009637,99.97602503436623,100.11283987031037,2044787
2018-09-05,101.32836823160727,101.69365371911587,100.4288116598204,101.56575480016991,3889170
2018-09-06,98.60909463428443,99.35907376163989,97.96069022871566,98.66604761302543,3685149
2018-09-07,97.06613360488159,97.32986639589734,96.63774275283899,96.78656553360491,1699154
2018-09-10,96.63922312462734,97.04712321640515,96.84719257773689,97.00143817002092,3693754
2018-09-11,96.67960341570642,97.10777568845748,96.34455883872663,96.57135508211826,4600276
2018-09-12,96.67877981946373,97.15002894901633,96.17132628609913,96.57598894160735,4101864
2018-09-13,95.7523533631456,95.67509118607555,94.82053302967981,95.37671677714303,3692702
2018-09-14,96.36610447079318,97.28338993801464,96.49737639236838,96.67215990972389,3855933
2018-09-17,98.15093331702941,98.70533574145259,97.71051913733397,97.83597367358954,4043072
2018-09-18,97.85269453589828,98.28499518272776,97.62583079104121,97.96230862711467,1516684
2018-09-19,99.5735929244522,99.66777411954509,98.80418392681716,99.66269325782528,3632714
2018-09-20,100.14879767972825,101.1924053133216,100.3083472957239,100.39416189224319,1077182
2018-09-21,98.92248817882827,99.21714599335834,99.08215044354522,99.13818352871323,1856432
2018-09-24,99.79844989781206,99.73197497331591,98.96574072309384,99.71797303668585,4679184
2018-09-25,98.1047269885345,98.64807861394698,97.84779910095445,98.3234636416955,1486859
2018-09-26,99.80506376062264,99.94744280939268,99.49757370334765,99.65751396798007,4233749
2018-09-27,99.48070908490114,99.85016763245704,99.61020569556565,99.61278887864215,2170333
2018-09-28,99.12568674566184,99.37405080650711,99.2696853768308,99.36675721702545,1128332
2018-10-01,98.28264933245333,98.77512792332791,98.20852036926331,98.38650792998105,575448
2018-10-02,100.30494420759474,100.30256205346993,99.55753237150637,100.23744287179836,2786276
2018-10-03,99.9798831792019,100.0702851914751,99.26385833453521,100.03537345347353,2311274
2018-10-04,99.43134028021196,100.08743796772386,98.98339591664242,99.42453762981695,2605585
2018-10-05,99.06818830482665,99.65847127800058,98.45322611481495,98.93043608921064,311390
2018-10-08,99.96939390324043,100.03532334712958,99.4323250577013,99.75344336928927,1413805
2018-10-09,100.26962956136546,101.63711583451453,100.01344595733482,100.33185443609088,119335
2018-10-10,100.77432364397914,101.08894277775823,100.89992889085306,100.98522563569257,1582196
2018-10-11,101.68590684905575,101.91346829091052,101.57059610833271,101.67043373170247,4664344
2018-10-12,105.11995333264646,105.70806453032237,104.3782086246283,105.02109706091862,846327
2018-10-15,104.10909115008508,104.67175715290503,104.17312203027542,104.41413187956022,3477750
2018-10-16,103.4613986604489,103.98777921436526,103.3416800805709,103.6460146616678,128322
2018-10-17,102.27194449810192,102.6225197927412,102.11458872238515,102.41926167989067,2853050
2018-10-18,103.35800700915135,103.4597934027969,103.02637680933779,103.40098504720807,4612588
2018-10-19,105.0383840418586,105.58607379823547,105.11347009166555,105.19850329709838,1771399
2018-10-22,105.1989104911789,105.29331894901783,103.89541192380618,105.05036072474189,1066090
2018-10-23,103.43279556623021,104.28295391778366,103.75678146073295,103.7659117866068,2895636
2018-10-24,102.1973611288953,103.03064651024616,102.16593863251994,102.52127066515504,1466834
2018-10-25,103.48857155657095,103.7102619110888,103.46775289933485,103.55772508807593,4468721
2018-10-26,104.7133516625634,105.2333842293721,104.70187314841935,104.75015097807014,4260090
2018-10-29,105.33142273837758,105.98738397613461,105.55891007886522,105.63875627748838,3296662
2018-10-30,104.4938725671569,105.62332996724315,104.60442792783459,104.62082970183373,3231295
2018-10-31,104.93306586135425,105.41817061331297,104.25936451939967,105.01729893827674,3052161
2018-11-01,105.15005971954199,105.9584943668574,104.72633376396334,105.23283543581444,3702930
2018-11-02,105.64235937738923,106.13533892634412,105.53142220560072,105.6102788857737,2355002
2018-11-05,106.89030291994845,107.38536523021125,106.9434782971916,107.03192304043405,4851749
2018-11-06,107.74123527900898,107.69116959981872,107.11961510833324,107.42372591572817,1793915
2018-11-07,108.66184338843469,108.61135124290581,108.45976915054793,108.55584845066704,143798
2018-11-08,108.5230863263803,109.30886948325757,108.6653893341885,108.69855046589056,3522880
2018-11-09,109.22437524842256,109.62245708923189,108.71809688340534,109.2037332326043,3344914
2018-11-12,110.30315979270563,110.95108455844371,110.22110474244249,110.27580801377499,4906806
2018-11-13,108.18619089751569,108.54938805588367,107.70863164404108,107.92399570711761,2037095
2018-11-14,107.31094855913003,108.97497401649449,107.14901111579547,107.43995868584699,2181312
2018-11-15,106.88036008588897,106.91211662969587,106.41132404754521,106.7165845558524,2853803
2018-11-16,105.73935126439862,106.03876225069259,105.531869912612,105.73050067503867,2021805
2018-11-19,105.64083258043863,105.58618552424127,104.87066130113831,105.32662923352834,3945802
2018-11-20,108.02566652232852,108.7227155766273,107.36311804952635,107.74748590513188,2197756
2018-11-21,106.4309917496052,106.70969264527405,106.07590365302617,106.38907885606656,3939751
2018-11-22,107.92131553707446,108.56799999708782,107.92482246662246,107.97795702023292,2185165
2018-11-23,105.42467922257441,106.07994773224587,105.18898730017455,105.31796981077126,1202982
2018-11-26,104.78386681271085,105.72440042838957,104.26430291572497,104.82169696883395,4954061
2018-11-27,105.46267074987786,105.25284060737657,104.76674251794518,105.10943847712086,2679774
2018-11-28,106.08623927401779,106.27095923069218,105.73631790989026,106.06959269555574,3563213
2018-11-29,107.1524083083229,107.40510694223322,107.14212708112169,107.23941006153588,2997195
2018-11-30,108.4559790761913,108.6495975769776,108.33036178631399,108.5557668124059,1860003
2018-12-03,107.75974070179724,108.5427718483929,107.5767019235837,108.02180929911198,4863485
2018-12-04,107.42687322264759,107.32477743129992,107.26731447450591,107.30742736622183,1920361
2018-12-05,108.55165442127024,109.01848570523605,108.6788715933833,108.72997401477988,4966154
2018-12-06,108.68913436842382,108.5572281949409,107.2496978412172,108.45094393935359,2210904
2018-12-07,106.15214838135621,106.60942783615955,106.31050166111125,106.42735569913242,210980
2018-12-10,104.6914851721021,105.40112205664695,104.58252152112604,104.6648497578226,279889
2018-12-11,103.49976677656954,104.28335123364808,103.17945644120393,103.26221746480324,4870921
2018-12-12,103.61842689829774,104.20247902112233,103.32963465527594,104.06638002014648,2686300
2018-12-13,104.74132688628086,104.34970375551181,103.68607319342654,104.3202350145804,1999417
2018-12-14,105.3482679260011,106.11598489960328,105.00321775649564,105.43795032499335,4075766
2018-12-17,104.82538780235227,104.81387949906808,103.42707944787855,104.79581539110907,3124031
2018-12-18,105.19693688548116,105.10508547098244,104.82417869312853,105.07684472240852,3336782
2018-12-19,106.25342020982193,107.24309168316215,105.88944899447074,106.0993365875603,3458699
2018-12-20,105.69770843041883,106.12321044196136,105.37047277584684,105.63984231831628,1072262
2018-12-21,106.61028674436302,106.61470761527818,105.8087736710892,106.39804720033487,532518
2018-12-24,105.48786653683088,105.58240706415937,104.92501599943685,105.37846878299528,3667367
2018-12-25,105.20681735315823,105.44234680453349,104.7967926708099,104.83760423303798,206862
2018-12-26,104.3792152461768,104.35289587863095,104.07706910818482,104.27028875873661,3625347
2018-12-27,102.84987853093321,102.97104966224838,101.92168319924176,102.44733518369469,736676
2018-12-28,103.41541026401434,103.63045843171602,103.2191766960549,103.22937465363165,1386442
2018-12-31,102.16553378645898,102.58469304766713,102.11633196851139,102.5358420056539,3568016
2019-01-01,103.1215556428073,102.82587006053201,101.70551737768332,102.58583136472514,3152085
2019-01-02,103.24054757695836,103.68451810707474,103.13120542741595,103.35927515844583,3929529
2019-01-03,104.39644451416586,104.32858215091109,103.69238092220478,104.08511676726017,3093650
2019-01-04,105.16634734288799,105.26329847152527,103.96369995910526,105.16071210777147,334461
2019-01-07,105.25988854829326,105.36753459710691,105.00462428975247,105.036981113598,4214959
2019-01-08,104.25972147095489,104.472321085755,104.00395176166059,104.40348066026604,1157147
2019-01-09,104.4405435262296,104.73702703994012,103.69198209025498,104.31000069877574,766754
2019-01-10,101.68204263458587,101.78167475991872,101.45279690605417,101.73355858495195,4404841
2019-01-11,99.89339506328851,99.96961649188945,98.70033136034343,99.57892420096432,1054708
2019-01-14,97.737664380491,98.07717862638899,97.38327926711189,97.65199074084518,2726754
2019-01-15,96.41111315668937,96.61808173138391,95.83753385653756,96.23097980186776,2481250
2019-01-16,96.41968743584322,97.71431342643051,96.62757680147135,96.8388207402928,3870596
2019-01-17,95.54473897737421,96.2985831432198,95.45613826693824,95.5610938151368,316311
2019-01-18,95.1271194675042,95.17105023562951,94.78058893077956,95.04907436172422,622787
2019-01-21,96.9920372331551,97.7797646063852,96.865817647369,96.9486788936346,2136411
2019-01-22,96.64633305681096,96.80518324076989,96.08561221827526,96.46090486770028,2418984
2019-01-23,97.49181760545022,97.93974788311674,96.66055431663449,97.56321519466819,3962273
2019-01-24,96.24469291761821,96.36987675666198,96.06608297597701,96.2353028339634,3068086
2019-01-25,96.19471010384768,96.21369771309743,95.59575324099147,95.9679901867762,828700
2019-01-28,94.2071965323491,95.30138673996956,93.49402981226177,94.63849995062922,4896519
2019-01-29,94.29770765054575,94.67989225233715,93.58555687012617,94.18668970489527,2353748
2019-01-30,95.34629769385717,95.79076870040504,94.70933578785726,95.4100096027657,4826496
2019-01-31,92.82791345809271,93.09589242511451,92.98372789754409,92.99760025058991,4949869
2019-02-01,93.69669399420214,93.81646889414145,93.37207133829372,93.63367025235975,353201
2019-02-04,94.22711375814441,94.22963404293623,93.73386987012552,93.99636184565891,2579008
2019-02-05,93.38399393716874,93.61491046382861,92.8908116245152,93.19031764968929,2167970
2019-02-06,91.19341568345706,91.30863496980278,90.96852799137702,91.21806518197741,2541786
2019-02-07,91.50419819006223,91.56772240382585,90.97489189715739,91.34421045626432,1618706
2019-02-08,90.80616166350264,90.76626808585873,90.37286769471851,90.64878306627661,2838088
2019-02-11,90.97710649972407,91.02153238463202,90.48028712320937,90.99300684895285,2511761
2019-02-12,90.92393839735627,91.09910358716995,90.6064349340932,91.05014857181779,1011421
2019-02-13,93.1737328422713,93.39259262966587,92.96276084930612,93.29225767610349,1513706
2019-02-14,93.14161632872866,93.34497555976586,92.64473848826283,92.98579940187658,821103
2019-02-15,91.5888946899596,91.85086302939264,91.30094338149112,91.59661570095692,4233643
2019-02-18,91.67859268311997,91.89113118129836,91.53427893136002,91.87081991974418,3419037
2019-02-19,91.89145038383698,92.57516208551262,91.74114260781894,92.20214632322534,1998906
2019-02-20,94.28607422200663,94.16132380688143,93.9615886407656,94.12947450707804,2039257
2019-02-21,95.24035379534608,95.35797528062474,94.98857943415966,95.34461855555647,487586
2019-02-22,95.9484928610461,95.97775052102897,95.84282717812457,95.88513431239362,1520542
2019-02-25,98.28553315702531,99.12411104796263,97.54729978955059,98.04244536361887,4629669
2019-02-26,96.08639873363018,96.59089631069843,96.19201455687137,96.33859863326386,253818
2019-02-27,95.43854220583287,95.64869011034929,95.34509912786456,95.44715867527287,816002
2019-02-28,94.12584809193682,94.6610137449468,93.69791481157964,94.15799252822539,4245647
2019-03-01,93.70824634957329,93.68301337332731,93.16090244423276,93.63713028333461,2649607
2019-03-04,91.97823359487195,92.82334197268669,91.39920114334579,91.75084563939679,258411
2019-03-05,92.41058451178714,92.83209025306546,92.49490646367347,92.65695041352383,2499856
2019-03-06,92.48158785296313,92.52600702438522,92.34337660419568,92.3763161820241,3774917
2019-03-07,90.57420462883807,90.74874163472724,89.91193708438125,90.38773044299872,1790853
2019-03-08,89.01474437649225,89.20445012570883,88.7767404697333,89.04793736272639,1971743
2019-03-11,89.46993282206962,89.60592545326915,88.87573679595475,89.49453433131805,3193457
2019-03-12,90.72981296597484,91.03754880270161,90.56253953529838,90.65394479398476,3033570
2019-03-13,93.50265324589029,93.58729331996119,92.96674902819967,93.43821506132892,4524273
2019-03-14,97.75578520997246,98.25677383693288,97.4929965760773,97.64206099235726,1313622
2019-03-15,98.39071366951914,98.32705407159686,98.20858721523197,98.28038793377037,1452743
2019-03-18,96.67120170441399,97.02230378985094,95.1886127853055,96.861432192204,861458
2019-03-19,94.0267487715402,95.10961568132332,93.70711240452513,93.8408937850801,3358109
2019-03-20,94.46668650442415,94.43253354640474,94.0673921653268,94.24675544972455,2713601
2019-03-21,93.16707445741918,93.46744902448316,92.47116062137611,93.13241375932179,1800061
2019-03-22,92.30507658693277,92.90312031609258,91.7295079268987,92.58173958190457,3508526
2019-03-25,91.7420611055968,92.19563620393926,91.7198443944443,91.76311995356448,1945765
2019-03-26,91.63262224928921,92.02594301096198,90.68358983939387,91.597008255859,1057917
2019-03-27,92.88818787740108,93.27093547946048,93.04722392186969,93.10131545301265,2745248
2019-03-28,93.28165889742301,93.40834161101508,92.53988718490477,93.34889587862057,2238158
2019-03-29,92.89239689970645,93.1845571892604,92.97056780066207,93.154976443904,2086441
2019-04-01,91.85796824933345,92.08209380199693,91.0792993884593,91.74653433539078,2278809
2019-04-02,89.52709569865476,89.87629749732744,89.32910432568237,89.49739056338704,4579588
2019-04-03,88.5810414019744,89.35152443736166,88.50081396252303,88.87357466794514,1158297
2019-04-04,88.89099066423671,88.92817045918783,88.52420480957818,88.82855043586977,1451482
2019-04-05,91.23275941218924,91.51723836699334,90.98772765271568,91.24307151204485,2868742
2019-04-08,91.54342723995599,91.60102482293392,91.28382024175093,91.44897612512743,328848
2019-04-09,92.76216944262465,93.210592803001,92.21370887619287,92.8348651640147,815084
2019-04-10,92.02208407528397,92.4820468217096,91.6848202700657,92.16982851313055,2875052
2019-04-11,90.43359297526078,90.91009817815939,90.36671627021275,90.5732287486244,2597770
2019-04-12,89.20213813490297,89.53111590614765,88.7036856992194,89.29825345570227,3298819
2019-04-15,88.36192710744673,88.77563245045839,87.77192909733652,88.35860038907455,655814
2019-04-16,91.27952097706195,91.84618768899207,91.00921486423807,91.2525178120587,4283993
2019-04-17,90.12776473737391,90.44770942770054,89.55560329193048,90.16215616818853,2479157
2019-04-18,91.25338838059704,91.60698491306627,91.22770654888443,91.33071253267477,859629
2019-04-19,90.06576818958338,90.69116180455813,89.99204747083007,90.12911151824326,1626835
2019-04-22,91.88333955062984,92.71053257934001,90.90478152638687,91.42480306133582,1214538
2019-04-23,91.84004613058973,92.7679202905836,91.51076392518293,91.98183155270682,2316006
2019-04-24,91.69106514608622,92.13239241407885,91.75030304452063,91.79350155495443,2399972
2019-04-25,92.36943853607974,92.04763431201695,91.53383089479907,91.76491803155514,2225371
2019-04-26,90.97183243635428,91.28197368656528,90.41286086352952,90.89529617870961,2358937
2019-04-29,91.28035170767276,92.02615121572103,91.2551521437617,91.53297919082456,4548872
2019-04-30,91.09095740230809,91.0739421334715,90.90420253699257,90.93769334123236,4799819
2019-05-01,89.14540145444414,89.85121077959886,88.97474325313301,89.30794886761278,2500684
2019-05-02,87.79792838088287,87.78540384666266,87.16932674305735,87.63859064218067,4818814
2019-05-03,87.85504483623306,87.91484806144355,87.66761830989957,87.89212868384483,4110644
2019-05-06,89.94664329325093,90.24235428759523,89.84130531045012,90.02582926536643,4117801
2019-05-07,90.55973220910312,90.49837733509288,90.11728229794647,90.26921608851679,1205696
2019-05-08,90.23786080711194,90.40751716960733,89.18937352801154,90.13575478025095,2248288
2019-05-09,90.72640145904604,90.71925395286064,90.19447666540393,90.55019269693983,1825205
2019-05-10,92.44961558998926,93.34891149357225,91.81297175288205,92.36926916410458,572610
2019-05-13,92.61913777193425,92.81019978140164,92.664822370505,92.70153915478332,467937
2019-05-14,92.27222077493006,93.01776515257362,91.50658207171612,92.15953649491983,3149923
2019-05-15,93.95641545032832,94.19949864287678,92.62568407611818,93.72973656990314,2161664
2019-05-16,94.38822069530701,95.1839857885143,94.34913706595017,94.36279217930881,4146037
2019-05-17,96.93881377211842,96.5991415062919,96.4051541157106,96.59076968043266,3376629
2019-05-20,97.05047758634467,96.94468343681616,96.69213639512729,96.88567752852155,517348
2019-05-21,95.19129904411385,95.37381412895633,94.97607305411466,95.15095835858172,4207018
2019-05-22,93.29300430590625,94.18365915478266,92.90688697132695,93.24610402744068,2530871
2019-05-23,95.63899490296856,95.87520047994073,94.5984557466133,95.61275166390647,2872983
2019-05-24,97.90088296813902,98.50281240040674,97.65418667786118,98.14649236397082,4831861
2019-05-27,97.89429105203922,98.36774534477632,97.50954205120975,97.9119293369817,3236356
2019-05-28,97.42305234673394,97.86645759640741,97.09937894556028,97.37997407831594,209201
2019-05-29,99.48528385374192,99.58646477391103,99.06864925874535,99.56814149820104,968608
2019-05-30,98.02393561372186,98.04251640801785,97.33205932818652,97.95777943188688,2189105
2019-05-31,96.68500009690537,97.57822922278105,96.27330600621916,96.68088004306729,282309
2019-06-03,97.79874534448162,97.73567974176457,97.5093355129371,97.6476469592072,920615
2019-06-04,97.22927309090115,97.10732803981365,96.30456814381803,97.10049600867919,3979271
2019-06-05,97.15463711829489,97.22664730645262,96.13110535247561,97.12216853875763,799666
2019-06-06,96.6484183572041,97.30756315102772,96.759187467552,96.91342091403178,918487
2019-06-07,97.78358081665108,97.69747106109365,97.0404526086225,97.43462402310503,2572941
2019-06-10,99.51516413425752,99.63143860126718,98.55337011971423,99.54341276273368,546730
2019-06-11,99.69253961091852,99.75393752016686,99.43915250029396,99.7086697723196,1352852
2019-06-12,100.63764950853793,101.01117038870944,99.6391067235011,100.70663775460467,4694055
2019-06-13,97.59066383885958,98.21400894515259,97.00738237101378,97.68608588482272,3194219
2019-06-14,97.94555017475682,97.78772058943116,97.51838636695024,97.64401412306523,4821254
2019-06-17,96.7130315043355,96.66564700514866,96.44141008481313,96.44567554271197,1835825
2019-06-18,94.81106276161042,94.93415953072828,94.30642258925398,94.72687076858817,3119660
2019-06-19,93.49522797123988,93.80095062817095,92.99065291520097,93.5153337968895,1268941
2019-06-20,93.19098961373986,93.27780751759681,92.91586567864513,93.07573988467772,1955322
2019-06-21,94.40553361851244,94.7646345203082,94.37547154115263,94.39160198785028,955813
2019-06-24,92.52470576524553,93.01327150445425,92.42079538934811,92.55991980137426,4182873
2019-06-25,92.69288087322234,93.22848936304314,92.37371471447881,92.63024320574547,1001828
2019-06-26,91.9063792759946,92.80545814827357,91.92633443540261,91.9875413089364,1103127
2019-06-27,91.61018470221111,91.9606506429655,91.50901063837058,91.56398805809772,2372659
2019-06-28,93.0175120230147,92.98599653471878,92.3380544455034,92.97953528949331,2204022
2019-07-01,93.87426639992255,93.76648943926666,93.19417181042421,93.76120238729104,1637808
2019-07-02,95.57134916805796,95.73676262022435,95.46142269461292,95.689839400113,1849384
2019-07-03,95.63260336871524,95.80698483949266,94.67612307601853,95.49697162643214,1545624
2019-07-04,94.36225285080661,95.23578430939834,94.35094608077247,94.53360663914084,4572229
2019-07-05,94.13705246581584,94.28864838656771,93.48019006122715,94.24497552595389,2943830
2019-07-08,94.51670172083854,94.98028884407265,94.36013675088448,94.61679210555977,4606909
2019-07-09,94.69272367036791,94.93699319856204,93.34415133257441,94.89619092972336,4935383
2019-07-10,93.58283783581402,93.7639171274632,92.83627800972414,93.39312608443115,3289341
2019-07-11,93.36673329486979,94.0623936232433,93.22560472952536,93.54803921295381,4145755
2019-07-12,93.76575528671194,94.00700716660673,93.70038827772093,93.89700759199121,642626
2019-07-15,97.78471698961,97.61341681131834,97.34608184888657,97.5398125241655,4752141
2019-07-16,100.24041798084099,100.64560860208263,99.37640916645424,100.35493956596481,2462744
2019-07-17,99.07115119830917,100.19163204217905,98.7772363807441,99.10844425595351,3595830
2019-07-18,98.51194280225242,98.84859975374553,98.26511067905201,98.71174109168392,1302108
2019-07-19,96.75836450825302,96.83173088606702,96.03598782850715,96.59744259532694,567955
2019-07-22,95.93623016903044,96.29005147429113,95.43660462161898,95.77403946809,4436086
2019-07-23,96.39964676486623,96.87676050753657,95.79487376613604,96.25738875853675,2302297
2019-07-24,98.14912669741894,98.81965631121942,97.35361426763474,98.04372384535075,778173
2019-07-25,97.02070901179424,97.4543491689895,96.41016965222785,97.00643177763885,3326534
2019-07-26,95.98728963143404,96.58961512204648,95.79999773364429,96.08806230712432,366120
2019-07-29,92.91865963247662,93.0885533568147,92.9752650410796,93.07035860372149,2307318
2019-07-30,93.1109927058077,92.91328351569526,92.76640719675603,92.8714020362783,3551702
2019-07-31,91.57039183090262,91.84312217868545,91.3945446178977,91.43053889747253,3630062
2019-08-01,90.60871352183037,90.8728847871831,90.44382010414235,90.73452678377481,2321101
2019-08-02,89.58292239444538,90.1263979543965,89.56184182581923,89.57578647051518,1912823
2019-08-05,89.42235389258028,89.83664578780899,89.09644676622865,89.47606012478884,4207987
2019-08-06,86.97721675891337,87.78137730701035,86.71686864413377,87.17391785367502,1005209
2019-08-07,85.33244451847905,85.70416268280803,84.98138493898252,85.30213643454638,465685
2019-08-08,88.02376864106806,88.31382528157458,87.99913004142186,88.09697593555381,868529
2019-08-09,86.27328392056154,86.70613636440748,86.42630452589779,86.43795456272272,4025273
2019-08-12,84.80143248535627,85.72588251948369,84.96146370825451,85.05304193165607,2402525
2019-08-13,87.1818597892672,87.78099248113845,87.23639183712041,87.4553858663264,282940
2019-08-14,91.31012382765634,91.40299809545404,91.09138751319131,91.37800418415752,927001
2019-08-15,89.79785523276426,90.33660388191682,89.15496281252427,89.8131405258379,237543
2019-08-16,89.18879593256547,89.8082719300449,89.22561039909219,89.34520379109038,4090696
2019-08-19,89.94798215693034,89.86903147668633,89.63639287347156,89.83106892018043,2360447
2019-08-20,92.20646593282537,92.52985947283722,91.99613033843227,92.21855514758165,433504
2019-08-21,90.99564139093489,91.97295044745219,90.05616511443759,90.89077428582604,1184327
2019-08-22,90.55101982507156,91.05238070981937,90.22610797933737,90.58415746471228,3120629
2019-08-23,91.52973784947038,92.21605456954227,91.22435977376965,91.67405437925608,3009221
2019-08-26,92.32261236402945,92.45476439396893,91.49971225783612,92.30154590756682,4114507
2019-08-27,91.57790272318107,91.92299399374221,91.29673333414077,91.80975439684418,226503
2019-08-28,91.75201972388655,92.15016598536465,90.96063522267482,91.65313725833785,440058
2019-08-29,89.64090190785903,90.0566216828934,89.64332870810905,89.80923120738613,273408
2019-08-30,89.68019400709014,90.57982668342096,89.38519209755862,89.51580136618387,2030920
2019-09-02,89.12520761601877,89.5355333141824,88.68654621449129,89.18557835897377,3663027
2019-09-03,89.71380952357883,89.5854290250046,89.31462278165564,89.52356594494665,3348721
2019-09-04,88.60818353183704,88.89415688320281,88.4222532125883,88.80757842556287,1129809
2019-09-05,89.34351040954148,89.67843015110083,89.16456254045826,89.46478344854886,3320470
2019-09-06,90.9306732639132,91.22006360554631,90.6444704803982,90.86144866168017,3316443
2019-09-09,91.31412654809932,91.37801234668326,90.7367587680001,91.10085996450506,1037803
2019-09-10,91.9156459954363,91.70843789513658,91.45333890350027,91.61028894812779,3774618
2019-09-11,91.71845831555774,92.55751673773783,91.17987911055815,91.71087086176696,2169227
2019-09-12,92.07568845299882,91.94743022451318,91.65405315664484,91.73850438179372,390722
2019-09-13,90.72557752684246,90.96715364958251,90.20115961236031,90.77816796115535,2013846
2019-09-16,91.43801891666867,91.73496976995703,90.74360381456538,91.23752124808458,3871794
2019-09-17,90.96008564882985,91.41945701673586,90.95200817047264,91.13181096985842,3511437
2019-09-18,94.14578672120015,94.49398089198495,93.19938291259933,94.06673294347652,1415263
2019-09-19,95.89083330667297,96.4031533938917,96.15237892848057,96.342040277191,3808819
2019-09-20,96.7128980257648,98.41519637401146,96.74282034800511,96.93033040043218,2008775
2019-09-23,95.94542471817574,96.46851913286541,95.48874072806572,95.85595721579487,2355179
2019-09-24,94.05052314894999,95.18736372332846,94.18512271780628,94.29804398216741,524532
2019-09-25,96.108823355692,96.28923757172001,95.84519847964958,96.02682612361441,4985626
2019-09-26,96.60979218824498,97.39166757459111,95.97281883112078,96.43496367633566,4209286
2019-09-27,97.0637362321132,97.76124423711764,96.47692135415369,97.16115392893796,1055149
2019-09-30,94.49646295605389,94.68626631207138,93.4778834644332,94.67994377878894,2847571
2019-10-01,95.94402464945883,96.56566713081159,95.65198932179943,96.03510176928131,3923753
2019-10-02,96.5341257464006,96.85489286169971,96.49668506008553,96.72095432482094,2572859
2019-10-03,95.13254838114375,95.36997334586077,94.95658637163332,95.15180968756401,1132919
2019-10-04,94.5288331980921,94.68107530093987,93.7098365209986,94.50953612289076,4845918
2019-10-07,94.85451447792269,95.2436050684515,94.57370270861675,94.9126029125241,1417159
2019-10-08,95.3340104559421,96.09778890528857,94.69274251990392,95.01582919279618,1739078
2019-10-09,94.49255887146285,95.08813677589578,94.56701619030223,94.6287113843067,1920961
2019-10-10,94.77328922688046,95.25707130397231,94.31471558780183,94.51027974883401,4464818
2019-10-11,93.98585558758397,94.3923248955175,93.97391327023189,94.18198754916406,2550063
2019-10-14,94.43983173955262,94.96501535182709,93.68302083144283,94.42608753717253,3626470
2019-10-15,96.79091933372824,97.14311083779774,96.14446265223123,96.56243226198482,4515936
2019-10-16,93.1536282778598,93.14157451492746,92.34786694949783,92.94332408893537,4649787
2019-10-17,92.56362684064105,93.18110444533256,92.60685631210434,92.64149347921982,4296513
2019-10-18,93.0181229899251,93.34598021882752,92.70541059513506,92.91497441225022,4548230
2019-10-21,93.43506796377181,94.55723361356372,93.23440166275829,93.35642841382482,4746305
2019-10-22,92.76464166225297,93.2131687573445,92.55870346558163,92.86492448434528,4956046
2019-10-23,90.58841430406395,90.70649605114612,89.71804886919412,90.47695575364433,3251157
2019-10-24,91.28926321730694,91.08968248808281,90.86489343197564,90.95047412510203,745216
2019-10-25,93.4539057214285,93.59467425420583,93.158846307304,93.3658242786158,655237
2019-10-28,91.37295356764237,91.67573042139406,90.76934914010063,91.2695713597331,4000480
2019-10-29,92.61195875218016,93.76519321925717,92.1535797386213,92.48762671474358,1649098
2019-10-30,91.79159737039059,92.26068757839722,91.78683935629148,92.06059411932569,4042022
2019-10-31,92.08823124897182,92.17345790196596,91.99883298824066,92.00354664459518,4680205
2019-11-01,90.40486294341312,90.81248012750035,90.58895522499702,90.58907756739801,3257430
2019-11-04,90.0564176023359,91.03528613562209,90.04575288992064,90.16278930623317,3845068
2019-11-05,92.36351468039008,91.97201557939837,91.00405420308721,91.96586498846668,1466418
2019-11-06,92.75398379655763,93.40003352254904,92.64496880244009,92.80098965259234,2229237
2019-11-07,95.13153692806677,95.3971044890385,94.13975690668872,95.27257351159226,4829226
2019-11-08,97.22284054100835,97.40004567989705,96.8409875200003,96.99924126970014,4102578
2019-11-11,97.48439405642728,97.8058792899219,97.65101375495851,97.66951235790812,1101668
2019-11-12,100.19850172475705,100.97460851711534,100.26645585179374,100.28824348490166,4687977
2019-11-13,101.23336146051194,101.00934422199633,100.85691998701783,100.9811001364099,2547919
2019-11-14,102.28251363042858,102.5274662956444,102.2591004481651,102.2737656305268,4234952
2019-11-15,101.53225678971656,102.03691091432127,101.8235624153891,101.85035521722116,2655286
2019-11-18,102.09361692722626,102.12966250143485,101.67006250748408,101.98266190938689,3059079
2019-11-19,100.87157911589779,101.15604498721792,100.67800717562585,100.95162686747787,892963
2019-11-20,102.80769349093232,103.63708254140745,102.00639685566505,102.49204842468376,1759455
2019-11-21,100.60455706162095,100.86285637864826,99.20379818839493,100.72667545349793,3640391
2019-11-22,102.1606081785031,102.16008545071247,101.58137605745725,101.94627104241451,4227725
2019-11-25,102.04677217326561,102.32513649640765,101.63473068580508,101.68564616961913,535449
2019-11-26,103.34279036163063,104.10915710403839,102.74482186273008,103.51896789015483,476636
2019-11-27,104.68244085195508,104.72904339765155,104.66192395507782,104.72290851094705,3496179
2019-11-28,107.73823514086564,108.93747389211032,107.15223064175082,107.65456057463322,2290766
2019-11-29,108.68709271943024,109.15505460008684,108.63290915711026,108.87377766111481,4258215
2019-12-02,106.42590848969016,107.54881650815423,105.81259748646708,106.3684068039932,434279
2019-12-03,106.24570302876705,107.07474216489932,106.0426603779441,106.29351816609893,1812042
2019-12-04,104.42132776284778,104.56106024633893,104.17561750770572,104.47253342297613,273658
2019-12-05,103.70474520529012,104.21289987924689,102.77627406160887,103.69459591157725,3576161
2019-12-06,106.11898312781776,106.58244757545374,105.12935186342546,106.10386020497916,4303478
2019-12-09,107.19066264623473,107.98734007368255,106.51695774674675,107.15554118123565,868192
2019-12-10,105.94277691779824,106.20810255536753,105.25914092439947,106.06981171322127,1687456
2019-12-11,104.38445413045501,104.51804343894197,103.96672640990303,104.50048555998247,4245150
2019-12-12,104.55845008411598,104.84028933304369,104.28135795039431,104.58325463611348,303010
2019-12-13,102.71370220621053,102.76638073569858,102.28376490543296,102.72289747539433,4764955
2019-12-16,101.63519257805086,103.13205584649255,101.64737402869491,101.72447601636325,4446249
2019-12-17,102.29857614830411,102.65891943734137,101.99162493841386,102.23234193179411,848199
2019-12-18,103.67299216395841,104.5966514719287,104.03553849915504,104.05064643009092,780758
2019-12-19,104.88318288519295,105.47985577316848,104.90540561431173,105.03663431983294,3490111
2019-12-20,101.46154224361327,102.26934086619643,100.4835957224982,101.51837788129316,149474
2019-12-23,101.83884857619823,102.1104686236611,101.44133347712655,102.01351922237566,2578572
2019-12-24,102.48730614858796,103.2039615261204,102.11301922226129,102.15444650568604,422998
2019-12-25,102.8253509054915,102.91842561886439,102.572232646041,102.82147209979794,2704346
2019-12-26,105.413512067794,105.80394576920457,105.08103147995021,105.37625741356271,1815974
2019-12-27,102.09684729639956,102.6911621566213,102.01245043053399,102.19561541557603,3561799
2019-12-30,101.32069303106947,101.41324101563228,100.87109624707617,101.3238905942726,4415467
2019-12-31,102.00811336426379,102.6103391363119,101.1036153818307,102.25664885780867,2494828
2020-01-01,99.85530723829055,100.63941577501154,99.68589360634985,99.88923302527087,3244668
2020-01-02,101.96456622897404,102.5388159960831,101.89086085974482,102.15600831061151,3041599
2020-01-03,102.69583140596424,103.0875776617976,102.650275733842,102.75283941796107,4926139
2020-01-06,103.56425720622555,104.42075242558452,103.4997501130007,104.09721758985407,1231414
2020-01-07,103.00757580855249,103.25971516460014,103.19457826695957,103.24048700972898,1270784
2020-01-08,104.84584436254532,104.64302975019955,103.77425794615223,104.53976731116812,1954682
2020-01-09,106.43708279415834,106.8902978153661,105.71483493186726,106.26060565864286,3709794
2020-01-10,106.9458248187875,107.83051364474827,106.26407178737736,106.66443564606678,4339677
2020-01-13,107.36941903792206,107.15259378978557,106.62043391135624,107.07224617111586,1462570
2020-01-14,107.68432419347245,107.71378750363401,107.34460348136793,107.53957862544272,638522
2020-01-15,106.09157394461899,106.82979759150669,105.9499625223945,106.18775216006718,3082385
2020-01-16,105.76495086186351,106.8175052555488,104.94897792597756,105.98481656440595,3028118
2020-01-17,106.0169375002911,106.60467298925721,105.58793773162424,105.77434518082892,1936374
2020-01-20,106.43005847593824,106.94734627588113,106.23594356870723,106.41631630396722,1003006
2020-01-21,108.59571218997954,108.2470433598389,107.85697708783789,108.05672033800677,4264374
2020-01-22,106.30876887044455,106.6419571340665,106.0692224984686,106.3864518269185,4248044
2020-01-23,106.63812875227664,107.563692710398,105.05782101581114,106.21901066061423,3762896
2020-01-24,108.60433255826537,109.44237782175558,108.11218767080878,108.63839977674401,2937315
2020-01-27,107.75279239684103,108.06711740563397,107.22474434502458,107.46563377831497,1380989
2020-01-28,106.54047920379571,106.38604612602641,106.08504979506345,106.18016917241017,2074939
2020-01-29,106.31686821179804,107.0052854037867,106.46173068544405,106.53482780069297,435311
2020-01-30,107.82044143957278,108.35084332236556,107.52788607919398,107.92512839931871,1324140
2020-01-31,107.75294134703509,108.57024039599139,107.13665831515462,107.97601530840967,2307144
2020-02-03,109.9120621820393,110.31445865801956,109.85812560623,110.18310037605276,2240539
2020-02-04,111.79073489101306,111.70585989506334,111.00749538983675,111.64178981677297,493843
2020-02-05,113.04991055162259,113.9951327519209,112.0926469109481,113.09438568110417,4792300
2020-02-06,114.08447882281084,114.27483780137328,113.5730904875875,114.0725317046861,1414370
2020-02-07,118.29259164085018,119.60226252977816,116.85977657324098,118.16113994031447,2595125
2020-02-10,117.39568707385541,118.13061369694948,116.94155304460666,117.83341152814357,2379750
2020-02-11,114.67353349436353,114.77894274081153,114.30348708170958,114.3791750263943,2400498
2020-02-12,117.11828525026792,117.22509480545806,116.92326276984515,117.2001130010508,4240651
2020-02-13,116.5571354655228,116.48363364591373,115.66214712692278,116.43315713562599,3756741
2020-02-14,116.80153498034392,116.8163613838669,115.52236647551814,116.6567143395983,4351412
2020-02-17,119.33285133101472,119.4768623627143,118.82061216256265,119.00658369972703,1957330
2020-02-18,116.19097654730034,117.10606075420314,115.93944390058691,116.21534862305415,1399253
2020-02-19,113.60345223867715,114.38294103926673,113.69326234401849,114.08801540496083,2194377
2020-02-20,111.42651274641355,111.79483939789613,111.01142666333617,111.41378313934038,2851304
2020-02-21,110.17173055003872,110.4656620301377,109.9180432616255,110.12752385142004,1751043
2020-02-24,110.66004975390052,111.7814252121132,110.73232813105584,110.8894269418574,2354283
2020-02-25,111.83127996397316,112.17201831400853,111.45675664787643,111.79830155465157,839506
2020-02-26,112.21516942464402,112.92684804365715,111.38159985754191,112.29625145849838,2960833
2020-02-27,109.67921443301607,109.999293599953,109.09638984416702,109.97455196094835,3597665
2020-02-28,106.40361059352374,107.30271155099157,106.1640011922354,106.26090540770119,2683068
2020-03-02,106.25954712879819,106.75498820031707,105.69815378657277,106.3794847109404,4377851
2020-03-03,105.5751494128431,106.53795358812805,105.09287652668507,105.66102630263747,4978820
2020-03-04,106.32509191417866,106.58786805793025,105.93231792989427,106.42355048078986,4537403
2020-03-05,107.84813771391649,108.05968346551026,106.95730691130919,107.58230643977214,555592
2020-03-06,107.82914478522794,108.46334298396678,107.70301145298221,107.83796941683188,4415934
2020-03-09,109.12456204348663,109.34837935450106,109.071305007561,109.1073013075793,1735153
2020-03-10,109.41941294075629,109.61629630236654,109.26162384114392,109.51592629396876,2313740
2020-03-11,110.52549963784548,110.77895502579838,109.86339287770363,110.42327709510151,2118695
2020-03-12,109.58997016625297,109.61673436355692,108.60285933276842,109.29502267285636,1491924
2020-03-13,109.17494194745207,109.2768475643502,109.00723278247095,109.03366466919981,4398425
2020-03-16,109.53905117176775,109.92488951234971,109.13413024455848,109.38878009379344,3225826
2020-03-17,110.91098906214613,110.93241387144133,110.39693040629581,110.77667672706725,4838139
2020-03-18,109.85329933228064,110.54159257523244,109.30527050118022,110.15738717880048,4778054
2020-03-19,110.8606347790234,111.53606570018114,111.00951645002748,111.05522993563397,2156829
2020-03-20,110.60109657543867,111.55790699101073,109.94383006782347,110.64645883385333,3662548
2020-03-23,110.32429305590438,110.64529459912579,110.19010577677322,110.4846867786619,2561585
2020-03-24,111.66333110915282,112.09997238478783,111.76462359277028,111.90157785466263,2524757
2020-03-25,108.23149778472775,109.92683386318923,108.60814358644204,108.63827768073541,3724233
2020-03-26,106.29093817623605,106.86343583467874,105.67331324315928,106.57795884636172,3475162
2020-03-27,104.21236221455247,104.73559134956336,103.52122134787209,104.26585592816002,4567556
2020-03-30,100.69547267518367,101.50288462782295,100.64140022700289,100.7094564585161,3885435
2020-03-31,99.56178131316948,100.56895284771456,99.34778394583006,99.71994787560607,3148493
2020-04-01,100.89345735691327,101.60453336534898,100.49821978096801,100.87753379529376,4604419
2020-04-02,100.39033518484871,101.03515120244242,100.39470046811203,100.47751623824685,601683
2020-04-03,101.02617145621514,101.49014944035575,100.3693771970065,100.80629808395256,3839757
2020-04-06,102.4644381337558,102.87936533698455,101.86413642115478,102.49757063008336,2022187
2020-04-07,104.73633344871655,104.92122542748682,104.42782144854408,104.59067401626825,2222633
2020-04-08,104.55608908268417,104.83563680941661,104.32180142500148,104.51361187412427,3930206
2020-04-09,106.3901531863713,107.93070874771672,105.96480646168034,106.68932521252523,1440671
2020-04-10,106.84953987864996,107.86343572734589,106.25103225057632,106.86891696075931,4429794
2020-04-13,105.30571889730754,105.71478052121743,105.16262712029204,105.56660016781063,2549420
2020-04-14,104.63831289257634,105.47201000687643,103.91694831275318,104.66094495076965,1810105
2020-04-15,102.24036992277428,102.61604069831054,102.03679899698805,102.39296222601857,1708071
2020-04-16,101.14545290256099,101.11925175784363,100.56093817966475,101.06824423624607,2162517
2020-04-17,100.28713333017875,101.12715265390968,100.1913064571027,100.55709984846797,4719546
2020-04-20,101.81005815844036,102.87954341043715,101.72019679274698,101.8070646590867,602953
2020-04-21,104.62005074240817,104.8018199354414,103.77386977534168,104.50041541007806,2589032
2020-04-22,102.57270554848708,102.39547313454821,102.29022920793574,102.38685383868813,4191522
2020-04-23,102.86538907404547,103.96140908410716,102.25320404371638,103.02284254323972,2413076
2020-04-24,101.46136423978325,102.2299569530627,101.43079660029169,101.45776229194597,2873487
2020-04-27,102.25106998693951,102.73858830667601,101.3674189314451,102.2134254011824,1806161
2020-04-28,102.35899660115247,102.56281014397679,101.77343263877326,102.043249016745,767442
2020-04-29,99.01447865794721,99.35957855906103,99.12102169427845,99.30869657300221,3233094
2020-04-30,100.54784999524196,100.85360005654411,99.77045162550128,100.73140327101957,4607779
2020-05-01,100.41140974885217,100.3296447744043,99.42804454411792,99.85135101133157,2648251
2020-05-04,99.0304860685476,99.57165687540557,98.87508408077726,99.08460554185827,2216983
2020-05-05,97.167728305142,97.67141315974841,97.13765163826572,97.5366105587531,732339
2020-05-06,96.50045966874389,97.09393385284238,95.93786086307244,96.61302353015748,4729173
2020-05-07,96.72566457101783,97.32738304262332,96.79621847445142,97.26428954446669,4359118
2020-05-08,97.06442838391841,97.05169232657076,96.8560776662131,97.01768124614507,4519564
2020-05-11,97.68435686392102,97.80492883882842,96.47397440416256,97.52640606920193,1859162
2020-05-12,97.90787755208292,98.56323599922808,98.06849660145565,98.08672149926817,3163965
2020-05-13,99.98498594556904,100.44934448970916,99.5686696003281,100.07920529767611,2219634
2020-05-14,99.77979793530206,100.00382947333189,99.54536496783848,99.59581376082699,1249791
2020-05-15,97.10187588048143,98.71149363441755,96.91787911180963,97.44296826046136,1107768
2020-05-18,98.7833393522886,99.23138617836791,98.83503117755174,99.0451297366256,1980877
2020-05-19,98.53846160788477,98.80923476110492,98.57391154639927,98.5834383657987,2811651
2020-05-20,100.124695426307,100.66111952872949,99.57346454426921,100.27557704622492,697810
2020-05-21,100.82485638867293,101.29732254946256,100.88075237393457,100.88414941265724,3540069
2020-05-22,100.4615492596995,100.98556877136595,100.32903572652103,100.71610929026942,2343047
2020-05-25,101.31818724295272,101.47892919477893,101.149761590098,101.27477814147387,4417710
2020-05-26,104.28255354065872,104.59592441369861,103.61257636931282,104.31368764752702,1466086
2020-05-27,107.7652308918546,108.09242825758548,107.42839620870197,107.6469934807498,352877
2020-05-28,107.8346171212091,108.01267462619205,107.4735104682324,107.79141442999342,1629071
2020-05-29,108.12783293063347,108.13157084510834,106.74876102967878,108.08315350096804,4869326
2020-06-01,109.55729634008468,110.42226716243464,109.53350120732395,109.87512273627141,1677788
2020-06-02,108.6296353568734,108.85078403972189,108.37741162771508,108.52272060620913,3548706
2020-06-03,109.02679321236556,110.10399898910265,108.78491423072892,109.09898759129524,4232131
2020-06-04,109.05304533482548,110.1347958285916,108.97369677642001,109.0893935515219,1493063
2020-06-05,109.86700926934571,110.32754413620904,109.4279145127643,109.63715182816487,3248722
2020-06-08,108.15180631889183,109.01877759236264,108.27874254451008,108.30764706357226,1101926
2020-06-09,106.07336453289348,105.86926716038732,105.2128892936525,105.78748774172612,1874811
2020-06-10,102.87578434085808,103.18921070026458,102.26299036176785,102.57943741372266,1550830
2020-06-11,101.05664210116602,101.25927956387454,100.40717499465886,100.90472309076743,3394701
2020-06-12,100.0463360567081,100.6309198881344,99.97303364516816,100.24293667638271,4391056
2020-06-15,99.39646589008733,100.0528803861001,99.82698937768826,99.83299429231131,1336676
2020-06-16,103.02921055550284,103.48720222778331,102.64549709602427,102.80738616023591,1527811
2020-06-17,104.58183198045022,104.90460082754446,103.2898952787291,104.55853946178892,4122621
2020-06-18,102.93772846266585,103.09968934500031,102.67024259968498,103.09137532698018,2367823
2020-06-19,103.90486650171486,103.90051341232736,103.50713880599298,103.66155989533858,2614010
2020-06-22,102.88383983788977,103.28467469165084,102.67483357397577,103.06142681298309,3558116
2020-06-23,102.56646825438987,102.82177203445701,101.73704879365609,102.65355034069603,774169
2020-06-24,103.07829494446061,103.27095884224266,102.51361539717168,102.97019881412193,4372750
2020-06-25,103.73063505771698,104.43396968792608,103.60956655248988,103.96218021425187,1889597
2020-06-26,103.44285329741169,103.48438079294627,103.2003287856136,103.46550829333351,3326998
2020-06-29,105.39044552375171,106.22961473425283,105.02587701352014,105.16137519567756,2217691
2020-06-30,103.4500756989328,103.51587810592049,103.13930371505396,103.40641528847931,3790235
2020-07-01,103.7053634979117,103.84148910207477,103.05512765844617,103.44727778035983,3096758
2020-07-02,107.833873429321,107.74060783943442,107.38051827054171,107.58994499862466,949301
2020-07-03,107.98462631769691,108.96372486658223,107.86649617857537,107.9829551012601,1020437
2020-07-06,109.84685533420506,110.84891217466279,110.3395013484176,110.3626331969954,4399298
2020-07-07,110.30292209284131,110.66758996871776,110.3091428303679,110.54740260305425,2646062
2020-07-08,111.71841707383601,111.56810101906034,111.4201812912696,111.54812010334152,1451023
2020-07-09,111.1409261455375,111.54249986145177,111.45365006534996,111.48659063649148,801964
2020-07-10,111.16266820550734,111.29893106345175,110.87882959130783,111.23534773289381,729053
2020-07-13,110.04976833066263,110.03421385289715,109.04395688775868,109.97531930352562,4607526
2020-07-14,111.046087916649,111.19009700609274,110.13914826027771,110.72066422951512,4883597
2020-07-15,109.22246133065119,110.1014810850684,109.1144097983524,109.34821608669519,2028149
2020-07-16,110.33634776390905,110.47977393597003,110.30163228368805,110.47853091743491,1088035
2020-07-17,112.31367425909696,112.78335999736342,111.3372464992392,112.32545624839676,2152511
2020-07-20,113.0578989626931,113.37503090762881,112.46823664978888,112.9786076452255,769594
2020-07-21,112.49358701001044,112.95925960668438,112.11461164775278,112.52830127693893,2793317
2020-07-22,113.56899962810027,113.76295696349598,112.7816169298095,113.33117000883533,3167502
2020-07-23,112.66114294289909,113.45685460905895,112.65899471290821,112.84149611435808,4927912
2020-07-24,114.49803309595099,115.73578941670281,113.68465418832616,114.47052332609648,1662429
2020-07-27,111.5013044143425,111.47011115752649,111.13556372645492,111.40210914446362,1069282
2020-07-28,110.78721324225543,112.09146752457809,109.68273744570806,110.87596564081433,753411
2020-07-29,107.82698816361726,107.94119484429636,107.51680275584552,107.64620498769497,1948134
2020-07-30,105.32195850385074,105.93911494068432,105.02725104865226,105.29059063827471,3045493
2020-07-31,107.66864824224884,107.79632405616414,106.69922449992742,107.49904791601583,426491
2020-08-03,109.02725518547834,109.12058550984743,108.39337092126713,108.98494633388056,3819027
2020-08-04,107.92862058253733,108.39134350954137,107.14228946480836,107.84743204964404,2354526
2020-08-05,105.34223452109485,105.73112854842695,105.05534764734982,105.47563836960157,3986672
2020-08-06,100.79106773081234,101.5328349188712,100.56464112527831,100.91838064890644,2371673
2020-08-07,100.3742243473202,100.58933408612334,99.32721015041595,100.12902908581746,862011
2020-08-10,103.99429939670776,104.65252471407548,103.4730380880551,103.86228825874733,205165
2020-08-11,104.35944146850443,104.76099395828847,104.04631641935629,104.57339134181727,2828648
2020-08-12,103.76795574346056,104.19994841197615,103.25478680629868,103.73043366051502,2743252
2020-08-13,103.99188796004263,104.64840533817667,104.17159951030138,104.48794994697693,4087024
2020-08-14,101.98327592303812,102.40752222268578,101.96653039082494,102.10047504976583,4398546
2020-08-17,101.87206263113598,102.54432645932826,101.59054363050545,101.6766345114738,889326
2020-08-18,101.83352449042566,101.96913088526192,101.21107389283878,101.85901890419828,1641966
2020-08-19,101.78207187538422,102.16759022677878,101.3771490512005,101.75807474287821,1117643
2020-08-20,102.38182826706361,103.0669503438965,102.95620447934883,103.00322224287272,622899
2020-08-21,103.48691037721872,103.87188208336632,103.07381512642911,103.5681603484595,111815
2020-08-24,104.7138253054469,104.64877606052544,104.21968711813889,104.643029644755,503327
2020-08-25,103.69557084751793,104.3430024593222,103.51648486945952,103.59916356370609,2670707
2020-08-26,105.23746296531857,105.32689936276998,104.88357374320124,105.03530032300344,844138
2020-08-27,107.6203695050416,108.58697888238572,106.72959113991523,107.66564457778591,1053940
2020-08-28,106.10688467974938,106.25628321529369,105.5814907268868,106.14205077509887,677393
2020-08-31,104.49038666580931,105.70316756728867,104.60274555342389,104.76951726585071,3648788
2020-09-01,106.87826773405732,107.03630138347752,106.84829024008553,106.92200343948717,3214846
2020-09-02,106.37846187238401,107.60763285395186,106.60759570393623,106.64754965059406,4814847
2020-09-03,108.54710253892819,109.98098856133231,108.38362040553112,108.94975252342465,646323
2020-09-04,108.02644268786322,108.6307926549186,107.61870242030696,108.2614087826433,1122901
2020-09-07,111.01743539149852,110.72220878095455,110.55275618473516,110.68346245280645,2332931
2020-09-08,110.87522348477796,111.14126963815151,110.8305795430979,110.93525303548087,3280575
2020-09-09,111.4481895893408,112.00206696643441,111.00698699106717,111.39920126410709,737388
2020-09-10,113.96181174605978,114.3881145331789,113.26246281929718,114.07896999292359,1137988
2020-09-11,113.08919471522921,114.14724461753984,112.98003098593176,113.49563416213391,2165412
2020-09-14,112.1478415889856,112.24172983113462,111.77588271523476,111.93826782559873,188233
2020-09-15,110.7377967505432,111.35705360661714,110.2232036559306,111.22098478306054,2036845
2020-09-16,111.88749795849091,112.09328145925777,111.17231491816119,112.01178459410525,3816915
2020-09-17,109.43255939073713,109.54026044762843,109.44028599351677,109.44451398891952,2680534
2020-09-18,110.58015425544228,111.10707142583341,110.32674791719485,110.52920258245864,2226622
2020-09-21,109.51310224393248,110.14697098707866,109.170942184586,109.67244964617682,2490789
2020-09-22,111.20025635675732,112.51564765951059,111.442713516075,111.61052806011315,4739255
2020-09-23,107.53302470227374,108.03648232948238,107.10966355511238,107.70558915230764,2650142
2020-09-24,106.31478395987065,106.81028389870706,106.10659802497017,106.47423082147714,2718000
2020-09-25,103.68511707749144,104.0950367697187,103.29642405560135,103.84568191987584,4660998
2020-09-28,102.79644442049732,102.80655279459178,102.45768996925764,102.59739345478987,871666
2020-09-29,102.76012205531454,103.1752434214255,102.05586396728724,103.01014886098297,570224
2020-09-30,102.826272976525,103.16903904911722,102.26765321580145,102.76441305956354,2303894
2020-10-01,102.4377192733999,102.42862533056316,102.11615188091007,102.40529836274743,1661059
2020-10-02,102.38802348245704,102.44061723405035,102.18089073575288,102.19172236521456,1094169
2020-10-05,102.50742186859476,102.69462159458774,101.1535790849932,102.53472314781615,685568
2020-10-06,101.18539967680599,102.04623198600335,100.39776267301912,101.02555079338433,4402343
2020-10-07,102.09785416985042,103.01902474625093,102.06324718266436,102.1330328999104,3110028
2020-10-08,103.27389204740314,103.44209841208232,102.76166910310408,103.18424711578638,3485425
2020-10-09,103.50100857275996,104.68462633883594,103.29661147671719,103.81305839446765,678614
2020-10-12,104.16219395304655,104.77139521296507,104.35998500281978,104.71472709054213,1772070
2020-10-13,105.2923583946062,105.44102884013856,104.85074252321729,105.2129127862523,3142073
2020-10-14,108.6002958872476,109.63792129373944,108.31230499107795,108.50672335090617,2686319
2020-10-15,108.50066235438062,108.60842941242358,107.43227449748983,108.39757575402254,3504922
2020-10-16,107.81847867488007,108.13688343571992,107.05560911747995,107.93179248938694,3380452
2020-10-19,107.06879562649381,107.87119685618302,106.55874038824275,106.75073772762838,2125349
2020-10-20,105.04537965241659,105.58345437336415,104.89900371642196,105.1420846769031,3936002
2020-10-21,103.31545213364967,103.96922676164614,102.8200321947858,103.22855866450385,1372163
2020-10-22,102.01319341615847,102.65117491559451,101.2516330444783,101.89201604859608,492721
2020-10-23,102.16457222721392,101.99732159761737,101.48666810632695,101.8145865895744,4575544
2020-10-26,102.29221262872231,102.38068499251938,101.98142489700156,102.35711310202136,210342
2020-10-27,102.33253918827559,103.14685697610878,102.3032333346172,102.4663998392793,1489977
2020-10-28,101.02329366490977,102.17925206964627,101.21165556947547,101.3268985155662,660818
2020-10-29,103.05415244568536,103.31747397961904,102.47772836009014,102.73518701619089,1235967
2020-10-30,103.99973328957107,104.4013398604857,103.85079193241295,103.91215385954844,2035481
2020-11-02,103.78867441481691,103.7991063160972,102.10142935060122,103.6947143309166,735085
2020-11-03,103.35518582142367,102.94064608870885,102.62304751599629,102.71492175685002,2386862
2020-11-04,103.66180217698557,104.53178794231074,103.26183907992619,103.59445651037606,4643889
2020-11-05,103.64746516071136,104.16201020476645,103.68643457229244,103.91813478332415,768661
2020-11-06,101.67583160403504,102.87167913412901,101.66351153779001,101.71568453650217,4640257
2020-11-09,101.4443470513747,101.9677292813933,100.80793855878018,101.64250570447875,2114650
2020-11-10,101.99260367764262,102.82540051243372,101.9145043593216,102.07341895862807,3003040
2020-11-11,100.65425463079944,100.82749456187476,100.51491875421009,100.73536465167636,2263951
2020-11-12,100.93430287853896,101.08993860028484,100.5251990601279,101.05294396433135,1651505
2020-11-13,98.6256909700378,99.08982698630444,98.7219812631338,98.90128583265337,634540
2020-11-16,101.25529220116947,101.34554015278786,100.4806158612277,100.93381766213002,3007365
2020-11-17,102.93336104491642,103.36760173021436,101.61769322030845,102.87187492761677,4591633
2020-11-18,102.46747953133072,103.16277535452066,102.26915031684119,102.51370747975098,2651862
2020-11-19,103.26127893984676,103.81252347725756,102.71275975408925,103.10504637275481,3035815
2020-11-20,99.56803683222047,99.96726676703554,99.29869855491212,99.47431863982216,3254344
2020-11-23,97.84704766463874,98.26644449430803,97.40137765838266,97.79312634731909,2003824
2020-11-24,97.52577154142928,97.43469058445832,97.31991947633021,97.39234440498997,690938
2020-11-25,95.89304409086513,96.03024691091927,95.24994665413084,95.86736414916086,2583845
2020-11-26,97.0592003535855,97.15231548637165,96.78619649470204,96.9292721975108,4357745
2020-11-27,100.057607916564,100.40383883076257,99.6735350810176,99.90712534647645,1639567
2020-11-30,98.22071809148186,98.22937377852443,97.9404026430764,98.18876378860563,4370194
2020-12-01,96.94937643862467,97.6760025754632,96.26391168468675,96.99212950113369,4286222
2020-12-02,97.66250245661433,97.51511877097889,96.53366030301417,97.36448965479956,1299541
2020-12-03,99.68069662710622,100.08745614142745,99.54737203111891,99.7760628952866,2917573
2020-12-04,98.06936262705213,98.4009390318413,97.57692909999142,97.99267089732349,3763021
2020-12-07,98.47037143514372,99.45086410985266,97.62842797738914,98.38892342928183,2524989
2020-12-08,101.020943252206,101.38185024251848,101.02284053033705,101.14424979555439,3526908
2020-12-09,98.53919375277017,99.05051515681735,98.55420818199144,98.69865571975132,4563338
2020-12-10,96.78067479467869,97.62797304581147,96.48258377607571,96.84921537583949,3173622
2020-12-11,96.16988574843097,96.66063753592134,95.84652511325717,96.26465191650776,4206100
2020-12-14,95.26589163431723,96.13588945764003,95.37270589621949,95.54452441641487,4024733
2020-12-15,96.61920612394724,96.88404103703489,96.58548591077681,96.74526425178136,4082729
2020-12-16,97.17743968082365,98.05511170554843,96.5524276457275,97.12572547977962,4276543
2020-12-17,94.84182791230226,95.09342865434176,93.70809665224591,94.60230554879196,1205485
2020-12-18,95.47086971379663,95.62442010026226,95.01103741545879,95.36513050973203,189939
2020-12-21,94.07922899045309,95.23825733090786,94.55003839688904,94.5709096749376,850303
2020-12-22,96.54878396201043,96.46745622573724,96.39903737802635,96.4251084015828,1323387
2020-12-23,95.44363732215795,95.64809939063261,95.28400342126466,95.5503004638515,3481472
2020-12-24,94.75639507127978,95.22867007448086,94.61585424685715,94.67060833868612,2598727
2020-12-25,95.46811231334719,95.89923323309684,95.38028566117084,95.47081132267738,2396347
2020-12-28,96.56139347574955,97.07815835186695,96.08767325592123,96.5986201933662,144486
2020-12-29,97.25938245194763,97.37484940427925,96.6483893791588,97.2792732865878,3450192
2020-12-30,94.87470615019924,95.27136782073934,94.33806362711407,94.87896134035407,1884806
2020-12-31,95.93373629997596,96.31314868503561,95.46976576601864,95.67648042797704,3827073
2021-01-01,94.2281117024958,95.01772658806793,94.18583498134402,94.23181693279633,652531
2021-01-04,94.7987045889772,94.98292817197806,93.651665170691,94.59333562142682,1547036
2021-01-05,92.79651230499039,92.90164612272429,92.42665006984338,92.6223996315456,368022
2021-01-06,93.39698304505428,93.4554685680357,92.96194400494686,93.27254896805245,1494787
2021-01-07,91.84911908499454,93.03428469151919,91.92462738044607,92.17849475206508,4624446
2021-01-08,90.65110376515368,90.75617227513098,89.69887807580841,90.44910691215615,2505074
2021-01-11,91.36645681397233,91.45366730460101,90.16425857470423,91.45020715037859,2253827
2021-01-12,91.94124565435419,92.23691319995093,91.34951806046682,91.80982406284929,1440391
2021-01-13,90.81847154694849,91.34635593217193,89.75278928626354,90.99546369919528,1397864
2021-01-14,92.80535818766896,93.79673726748274,92.75100669633579,93.02584321196275,3369746
2021-01-15,92.806115555309,92.7571222194986,91.9295277537854,92.4407179676772,4927366
2021-01-18,92.33593252644519,92.82897363070096,92.4936094827079,92.5129992739804,3758979
2021-01-19,93.12777353816838,93.62900930951508,92.88345538066426,92.91479301588512,3711265
2021-01-20,92.10458203176408,92.18013227472528,91.69320529347199,92.08277308858825,2412990
2021-01-21,92.68571218900732,93.0196950942425,91.91046127969722,92.76365593409679,583329
2021-01-22,92.04370121245796,92.1233559248644,91.87311967708176,92.05195438528898,3646618
2021-01-25,91.27464003824147,92.13189114997903,91.26578594660313,91.51277357035087,4062753
2021-01-26,93.42796344013863,94.11547415719504,93.06284500113068,93.43053359819103,2601144
2021-01-27,91.81186930572098,92.38688786477894,91.68988254339952,92.01111759842183,548396
2021-01-28,88.69703910367066,88.78607767710797,88.30861140695626,88.76724401523903,3593071
2021-01-29,91.13397276602089,91.00663771102283,90.16517573439853,90.9656318470523,4613215
2021-02-01,94.58793535037157,95.00606811597605,93.80003784324039,94.53987304179124,1202344
2021-02-02,93.7164655554994,94.02126969150059,93.57379182494044,93.99509908129468,881261
2021-02-03,91.48651649408295,91.33341271085787,90.79313852012605,91.33098200049734,3720330
2021-02-04,90.93260371444593,91.45231337724601,90.79147584510642,90.93389493245292,1725959
2021-02-05,90.4732756204921,91.11828008567,90.0283306298686,90.5714886742863,3604107
2021-02-08,90.47583966423183,90.48963421670327,88.92092013475984,90.34092880261177,3545557
2021-02-09,88.84162775070666,88.96641906557979,88.40747831392135,88.87134754454829,1406367
2021-02-10,89.46514995093729,89.97205890448394,89.46264126481782,89.67420946926715,307077
2021-02-11,90.74375232755075,90.67416609654107,90.13594040362237,90.40963273280622,2824257
2021-02-12,88.42901667551786,88.69234755227355,87.76020060840264,88.43207420438294,2098068
2021-02-15,89.37668924874538,89.43052984668516,89.11701284806,89.3912394973562,4291027
2021-02-16,92.13937913130482,92.6610529902916,91.80792415626107,92.21409194240944,1854097
2021-02-17,92.69824275245942,92.92243757635038,92.47121874428468,92.47999629802575,1322660
2021-02-18,91.94422829718866,92.70679137743089,92.02138000972556,92.04084882402643,4314876
2021-02-19,91.588681143892,91.94441787627657,91.48882102091348,91.87256366477091,3706300
2021-02-22,92.62629025395336,93.51292008597883,92.72492683230132,92.75218793003354,3129976
2021-02-23,90.64232355936349,90.63460609346711,90.05660347772726,90.40243624690024,4774436
2021-02-24,90.80369314499944,90.78481575370706,90.57575696586639,90.65282288609863,3936689
2021-02-25,90.10448636564276,91.2289705323993,90.04397585317517,90.15046592545389,4344585
2021-02-26,92.9665953348791,93.20212297372603,92.27406944024605,92.71196098066258,4015111
2021-03-01,92.63616988496982,93.37552222466394,92.03906361740623,92.49780385781273,2067448
2021-03-02,94.81900799209691,95.4798818336782,94.66711953197071,94.86959043958404,405541
2021-03-03,93.30887541957982,93.72571859941846,93.13073688450258,93.33984742070128,3075317
2021-03-04,94.25599314196671,94.20370573510559,94.12543083694567,94.19395366359977,3847975
2021-03-05,94.51720087804449,94.95207641043993,94.63503883510568,94.67471820311704,4959673
2021-03-08,93.47745635216027,93.60194885959757,93.07111679935608,93.47661411561991,3439886
2021-03-09,93.81165169231589,94.1993850118341,93.72075664197169,93.75380308984282,2885343
2021-03-10,95.18100321740351,95.58914894190696,95.20668152308048,95.50322464872481,2921003
2021-03-11,95.0330214068324,95.28283590908023,94.61984874025944,95.0690184012923,663635
2021-03-12,92.65819513517425,93.1818141931886,91.96212105465007,92.71439047418548,136131
2021-03-15,92.90842032090582,93.04233113704815,92.55153356353223,92.71777995200506,322610
2021-03-16,91.16108383202229,91.65754694971737,91.23923652786576,91.49862169733947,4533890
2021-03-17,90.98780544058056,91.70780350245994,90.74101427647797,91.05728324397144,3972541
2021-03-18,90.8855483374417,91.1654104909459,89.82661715956036,90.97320186300799,1374858
2021-03-19,88.87212116975242,88.75448845762465,88.30899155880613,88.7018011223422,2175778
2021-03-22,86.59639814671714,86.77695332007565,86.03914010806963,86.60394075574392,2469714
2021-03-23,87.57206681503737,87.37701703200409,86.91165831580821,87.25861734423934,1309383
2021-03-24,86.71779340983696,86.61171168575164,85.8007747568279,86.60309395437478,2171117
2021-03-25,83.29125769458217,83.6329625117261,83.03162873622959,83.35964978484083,1803592
2021-03-26,84.4125628843063,84.663653933902,83.29184762504916,84.3721218588051,3504449
2021-03-29,84.68294258828885,85.35139738909514,84.55392225505301,84.74295226070765,3811127
2021-03-30,84.00965880649034,84.06023891663285,83.63143498959003,83.8655114212056,582315
2021-03-31,82.03074014775092,82.44942386585592,82.18757510028283,82.24988636882892,2379711
2021-04-01,83.17529562571086,83.41235961443365,83.19779242019295,83.31254404035879,4957058
2021-04-02,83.85174933108327,83.92849236158514,83.2220993156011,83.77539812238867,4355647
2021-04-05,87.06255932751678,87.5295832918147,86.68373847343437,86.8496462994749,3989440
2021-04-06,87.0399828459976,87.64734483722444,87.07577224034839,87.42499704200571,3701135
2021-04-07,88.20308742630715,88.74124603765596,87.54806117280089,87.96128691234217,121191
2021-04-08,87.74304217438016,87.9668714612246,87.28694023418761,87.76764083362025,4872669
2021-04-09,88.54134778500055,89.42407241437152,88.15892947369831,88.87621112269231,3702422
2021-04-12,89.2016238872423,89.8398068775259,89.69510155051368,89.7403762591598,4453668
2021-04-13,91.18890269501956,91.92403158834209,91.18365479032131,91.468684558262,4553587
2021-04-14,90.77985630818732,91.09668935075972,90.50137242700777,90.78343405714982,1347281
2021-04-15,90.20762048405122,90.88963414472775,89.92669320828853,90.21951106155329,167704
2021-04-16,89.71381446855968,89.66358847797729,89.28272965170511,89.60034451436648,3329390
2021-04-19,90.59704640646248,91.49325316025892,90.1148332921725,90.69671977558954,2348987
2021-04-20,92.58047508331583,92.89733367948755,92.09000583578148,92.78609659766921,200660
2021-04-21,92.10117359351423,92.77041639899525,92.08745308000843,92.17732799240346,1426964
2021-04-22,91.62551788572806,92.4942154478801,91.34774173843117,91.61935917983067,4956422
2021-04-23,92.1221295280141,92.6687085420831,91.56989649061154,92.07963058059903,1880513
2021-04-26,91.62349676552232,92.24187684690914,91.63386164429444,91.76833743034422,1378929
2021-04-27,93.28407477392146,93.14567672070046,92.99266933253489,93.11619619829999,3307303
2021-04-28,89.93866238712019,90.21524169959274,89.71598455623067,90.05057666237997,3357495
2021-04-29,88.81272598766175,89.58986729424484,88.91364114492735,88.96747911019057,1727315
2021-04-30,87.86040805097937,88.37552348623069,87.79706028973466,87.95582103205156,4260852
2021-05-03,85.15530334891103,85.18306258281912,84.66835412430206,84.97263933572398,2943508
2021-05-04,83.75610886001186,83.83936314240361,83.73902928191984,83.7783597980406,886276
2021-05-05,82.54613948571844,82.82348153842244,82.21495076258385,82.66095778843994,1692407
2021-05-06,82.58939880694314,82.79200319780745,82.43341519642647,82.43670825806461,4254608
2021-05-07,84.20898747388362,84.2090339842687,83.51725027634349,83.8496500434719,537709
2021-05-10,83.60210358300506,84.03170979716268,83.36238092032362,83.56705846108592,160003
2021-05-11,82.51266892460576,82.65335241973452,81.56358816898255,82.30955487712112,3316854
2021-05-12,82.4344055553265,82.75182563184293,82.15356050186843,82.26394184278514,2265687
2021-05-13,83.49263894259703,83.68202948014185,83.29073119750943,83.5938945136238,1338879
2021-05-14,82.40815248865593,82.47636607098516,82.1667090494723,82.40376297526592,2412984
2021-05-17,81.10171397987897,81.4730286690847,81.13864152847653,81.31028211120184,999563
2021-05-18,81.98536417148716,83.19247660916872,81.87602874252326,82.01898248379698,1933044
2021-05-19,81.66900113709166,81.89499047967361,81.4415661832393,81.77141007601051,1246127
2021-05-20,82.52768774610449,82.64105180131092,82.36639197990662,82.5942398648748,2973285
2021-05-21,82.4782254902569,82.62302126112391,82.42598403125555,82.60211131597165,3400800
2021-05-24,83.45318676692537,83.79611390938936,83.26695403746207,83.50113258421665,4582727
2021-05-25,82.32690131005921,82.27010510011934,81.78316868027026,82.23936035869838,431964
2021-05-26,82.22946902700969,82.71803031996812,81.88605065585466,82.24912523722291,1702246
2021-05-27,81.70838992549349,82.07218521310007,81.77491406272358,82.0142000784166,1395767
2021-05-28,80.43590728179203,80.58332646919473,79.89699613230037,80.55611643198856,2938373
2021-05-31,78.47330047929911,78.75772557067498,78.37065065407242,78.7124918977545,2712335
2021-06-01,79.58901714529637,79.61459065181953,79.40778853574318,79.55018707202898,4399566
2021-06-02,79.2359372519845,79.56761862596683,79.0425159110876,79.15625581593315,4603189
2021-06-03,78.01511432427233,78.39852386955822,77.91475586685945,77.97510557490406,3887677
2021-06-04,77.76339990823783,77.95447863032362,76.81683038280414,77.88605555287602,1074675
2021-06-07,79.2780109896926,79.74995311525846,78.87975017853057,79.23889012695692,299592
2021-06-08,76.5248463335184,77.26119390211798,76.57739143247805,76.59686488978217,4505883
2021-06-09,74.74837861569723,74.98622256005422,74.7853431289899,74.91892787645119,4719674
2021-06-10,74.0207922883698,74.12744844714369,73.81980041305685,73.91111854787017,1326886
2021-06-11,75.6952697898517,75.71170634853488,75.14484630818559,75.57163040771636,328569
2021-06-14,76.05948646565668,76.25885906236675,75.79336726496348,75.91541487741317,3434938
2021-06-15,76.72380911976357,76.88239459774253,76.41104169678843,76.81727248010674,2984916
2021-06-16,75.71551175617441,76.23275772885955,75.41464782139822,75.5373399722457,4455287
2021-06-17,74.228369321085,74.77146407538311,74.1803739658931,74.30171733892837,2919232
2021-06-18,74.9227378118224,75.26252141519713,74.76655420409351,74.8249414156241,3825678
2021-06-21,74.83629825082691,75.4005042144195,74.80355809543777,74.91284609402375,3953312
2021-06-22,75.52082177556397,76.20724014342625,74.70776102276717,75.55466757141144,147979
2021-06-23,74.99993787959544,75.53910232941635,74.52052938904384,75.36488144394914,827370
2021-06-24,75.65696844444265,75.71238445106258,75.55569013772052,75.70267972319306,3922054
2021-06-25,75.91903995053664,76.05807816589511,75.90381146277875,75.90521154413992,978914
2021-06-28,76.75598934386721,77.18173658893282,76.518955656775,76.81898853757944,1110038
2021-06-29,78.05105802120444,77.86932046208676,77.42794018067889,77.77787287659062,3785323
2021-06-30,75.75703121998822,76.86688770800895,75.62480382251101,75.93357162348806,1102085
2021-07-01,73.35583664556118,73.94977268970334,73.42107873035732,73.43861389530181,832573
2021-07-02,74.43785888053613,74.89084655668518,74.47189215737549,74.57281667906088,166084
2021-07-05,75.85045765020024,76.18195087083035,75.89357186197158,75.9360796773948,2400281
2021-07-06,74.95914903805654,75.11584929887923,74.76564691633915,74.80483966046256,3220370
2021-07-07,72.98374580542436,73.41495634715659,72.74012159473027,72.76863708693571,3685075
2021-07-08,72.7965094608097,73.27028819475915,72.83015874314725,72.89868317784321,4537328
2021-07-09,73.83892911169859,74.37477622743165,73.85251803164813,73.94585593488668,3291085
2021-07-12,75.81378432356954,76.38708960185222,75.70346232852187,75.98964391150244,3806562
2021-07-13,76.80353703244941,76.78337160528157,76.13219463183881,76.60340521486981,1131960
2021-07-14,76.371170774358,76.2638707941729,75.80002429143396,76.20032896520108,1768144
2021-07-15,75.1929017155926,75.49078825276555,74.55132316073835,75.2088432527586,1589405
2021-07-16,75.0342357472897,75.3916221432572,74.91837538065846,75.24433285253384,418673
2021-07-19,74.73397989223903,75.07727168742385,74.83601244445813,74.92979581068523,4847977
2021-07-20,73.84488919757334,74.41729452924176,73.63320409263862,73.81969756872591,1282198
2021-07-21,76.2299940705294,76.18968982616815,75.60207868229088,76.14633393336882,2298486
2021-07-22,77.91306161600299,78.65844581692467,77.53811770879665,78.23635690075153,1849030
2021-07-23,79.55370795907588,80.0815328844147,79.36252615474748,79.60486362229359,317841
2021-07-26,78.79060793273732,78.78724697689775,78.47036620158457,78.53641760914243,4526400
2021-07-27,79.53940924452733,79.70593594716483,79.23409127730122,79.5740254107983,1175966
2021-07-28,80.6047006667622,80.66669967085373,79.96867585660954,80.3652703310386,592061
2021-07-29,81.02984605620198,81.27762040894274,80.7037422598548,80.92479820218269,1777931
2021-07-30,82.30191461332318,82.76717923666749,82.40688792794879,82.48077906572713,804464
2021-08-02,83.24685399954242,83.9690385693252,82.1055356465563,83.29561046763462,4997498
2021-08-03,84.22894645167385,84.47537837846455,84.12378184456504,84.25063159343351,1026085
2021-08-04,84.92281797066191,85.46316326066065,84.4015212434092,85.0849066864399,1583188
2021-08-05,85.38068561552569,85.778456503991,85.03091715169354,85.54662348468017,1428841
2021-08-06,83.56429786719227,83.6023453061606,83.15992982488771,83.31323034959486,229339
2021-08-09,83.27971867575982,84.20271923989952,83.03011968633619,83.44282614029063,163189
2021-08-10,82.95293099650863,83.49976892840958,82.3357948726103,82.77439720421262,2613315
2021-08-11,81.15393932146885,81.56018840781964,80.6164271809855,81.22484609062114,1240336
2021-08-12,83.3207115244463,83.6457421707981,82.6580198450901,83.32498431796718,509666
2021-08-13,85.63605725540191,85.9538328261515,85.45439477583457,85.53993698314099,1527752
2021-08-16,87.22350441566599,87.57986040730131,86.17085211102996,87.32804633470892,1442931
2021-08-17,87.78889749685645,87.79642436475858,87.54000552999979,87.68929923429152,2177979
2021-08-18,89.14444174155598,89.58409012503014,89.21811989501663,89.51079684775496,4962677
2021-08-19,89.63259875496009,89.74529394298278,89.4477117869235,89.55384378141686,1603762
2021-08-20,89.41001694297984,91.0373348274072,89.53240038957728,89.853629726544,3552728
2021-08-23,88.37827160238143,88.66415066953728,88.04259761872778,88.41838644547167,3865572
2021-08-24,89.12517454993922,89.17949411183957,88.39217821886905,88.97316514552493,348266
2021-08-25,89.19138147888677,89.28784616558224,89.04869074337562,89.08051270904654,2556463
2021-08-26,87.15608726622817,87.82466910568155,87.36921377136228,87.3830052857205,2298564
2021-08-27,87.13780144712312,87.99915744843189,87.18998024625263,87.34212339114278,2587705
2021-08-30,87.1437124092566,87.55234218535054,86.7284137429221,87.26390483203099,941023
2021-08-31,89.7091433099166,89.90042126540023,89.29453031768517,89.67574521746005,2378832
2021-09-01,90.54449498632746,91.39851838313355,90.77160153726649,90.91395716031197,702428
2021-09-02,90.95444416526524,91.13183638811884,90.92593804260628,90.95684971486754,4734552
2021-09-03,91.38119283336647,91.36744772200412,90.61348063126017,91.32431068758616,2976620
2021-09-06,91.36056916265157,91.41725254864319,90.80943731530662,91.41231533070776,269107
2021-09-07,91.25762868958165,91.18757660086568,91.15642107536387,91.1618502267604,2577713
2021-09-08,89.76071800692561,89.97928128118097,88.83180069525203,89.72057268770742,4639038
2021-09-09,89.4473709999414,89.74561874876139,89.28502341754077,89.54437518438907,3740046
2021-09-10,88.23140318998908,89.22966592361884,87.81016148067205,88.57439679933763,1437452
2021-09-13,86.97797260601854,87.00195968825133,85.6024119142953,86.95477079815961,4472300
2021-09-14,87.48334785813773,87.99479965167065,87.32916048881664,87.65042277553644,1009062
2021-09-15,88.09079553188586,88.42047552188919,88.15038016512014,88.19280685070174,1308741
2021-09-16,85.96864026266852,86.3588738628833,85.39624402751087,85.88633981187637,859494
2021-09-17,85.99723797334323,86.04383389893903,85.37652742530602,85.75415352422716,4622660
2021-09-20,87.06403828412697,87.31460729871775,86.91819994736,87.07066612472873,3612861
2021-09-21,88.5897281240601,88.60561028310872,88.1172713757772,88.4916678810774,2638159
2021-09-22,89.63114071403547,90.1485317587782,89.68971721970838,89.89083161248203,3372779
2021-09-23,90.0144827411128,90.25981002643115,89.77862783966575,89.9703030791224,1368291
2021-09-24,88.85307395384065,88.97907222698456,88.8524961370334,88.86372088289059,446223
2021-09-27,87.67211815609564,87.88119025836257,87.2198042542825,87.45710877563796,4244350
2021-09-28,87.84167617958143,88.32113407444065,87.93042605279007,87.93672848010405,4824641
2021-09-29,88.42222656754012,88.89930267320862,88.03415667096725,88.46497950123812,274096
2021-09-30,90.4079420831703,90.60281087935229,90.00852437842885,90.21689617347373,353256
2021-10-01,91.72842769057065,91.79517959539484,91.13594484608186,91.7453150291238,2841595
2021-10-04,91.38787837683797,92.38148909036775,90.6856324181893,91.59099815465254,310824
2021-10-05,90.38336131992575,90.78573361462382,89.65259607816533,89.92445286788555,3635945
2021-10-06,89.32878627933569,89.64648610003476,89.26746154834764,89.52190162985188,4732237
2021-10-07,89.82940446833474,90.4591556628205,89.81147072157452,89.84102991225838,1471890
2021-10-08,89.65811024209192,89.88015406307852,89.5658907184223,89.59598650739284,1542310
2021-10-11,88.89689417479822,89.01123501739067,88.6775559673013,88.8493388972887,4331110
2021-10-12,89.17991327301155,89.40134444547942,89.20599205662671,89.21376877488298,1845307
2021-10-13,88.53575050788915,88.80486586841288,88.55086999598412,88.56847839766056,1277394
2021-10-14,87.72308175044171,87.76748163469425,87.68760452502546,87.76431902096388,512959
2021-10-15,88.00489687424779,88.43780390848312,87.16207890075637,88.20175151605545,4215383
2021-10-18,88.07494947259735,88.33908199101853,86.87306676931134,87.69781043846218,4636944
2021-10-19,88.00718155704149,88.38924185080354,87.98107948712472,88.04592016259646,484870
2021-10-20,88.53958221126284,88.76690171740809,88.17727029951298,88.43400421539161,4034447
2021-10-21,86.90326416969822,87.32808635603304,86.3622593988258,86.96146797723175,883645
2021-10-22,86.30061528733471,87.02719513712805,86.15850904374925,86.36189141083165,780433
2021-10-25,88.19073027255688,88.40306455442125,87.97440490681765,88.27113533092313,1966824
2021-10-26,86.50285876626738,87.06510425394927,86.13417159623457,86.77182466019887,2239780
2021-10-27,84.05832117733931,84.51887778770144,83.8390412805662,84.08533294142828,4284872
2021-10-28,81.7274660760603,81.7977992685259,81.48401553003318,81.79404768302982,3528773
2021-10-29,82.04611209310785,81.90190803894373,81.58812477061507,81.8543234010138,808468
2021-11-01,81.72080442898606,82.67138029852221,81.73147864996602,81.91686427119704,2961959
2021-11-02,81.70259457631754,82.58410253707672,81.69658605645654,81.79701240600262,4389647
2021-11-03,83.1756860349307,84.01882778874933,82.79052725890416,83.32541187881246,3344304
2021-11-04,80.30580885191594,81.07329160441516,79.31814046311507,80.07478822031223,1225684
2021-11-05,80.43583038407967,80.94466303564705,80.04588306463128,80.57593718456033,731285
2021-11-08,82.6029669744644,82.9147536869374,81.706813595815,82.51017605609506,2317291
2021-11-09,81.30791467951417,81.54423835777182,80.70920011866829,81.15045658645519,2413751
2021-11-10,80.69007119467504,81.11548843379524,80.38612337388315,80.71365942448723,1828398
2021-11-11,79.61137811408027,80.02809387838649,79.18677316704357,79.831203071294,635391
2021-11-12,78.57607131871073,78.83340099082604,78.50181620121009,78.79103751443336,678818
2021-11-15,78.56476956801633,78.6472873904253,77.63983778826305,78.42990713649384,2692029
2021-11-16,79.9493437398813,80.24386410612793,79.74345433101841,80.1514205425498,4727117
2021-11-17,82.48052035849987,82.90888889341441,81.92123325543817,82.41590190505731,3029887
2021-11-18,82.0450089470491,82.0571733985442,81.86072561065774,82.02624968978121,2247073
2021-11-19,84.49304286965966,84.50022826236452,84.35022188189092,84.42936076051485,4663291
2021-11-22,84.57947202262983,84.96286030500221,84.07610159397207,84.49977440288022,3482623
2021-11-23,86.61605082095554,87.02992344668247,86.11160253153211,86.77809516532213,3617789
2021-11-24,86.51361393443383,86.99991477865237,86.18901100770351,86.6827368392755,2918811
2021-11-25,87.0035959550916,87.16806547617132,86.86060090254985,86.87937111548352,3838141
2021-11-26,87.2731846709837,87.83986482077248,87.00385272047892,87.38317292885728,2558407
2021-11-29,91.1740266107183,91.9385233624653,91.26464691839763,91.67828440191339,3148123
2021-11-30,93.00483611861988,93.17264058639417,92.591447736968,92.88431773218171,3121230
2021-12-01,91.74116447963421,92.2930781498172,91.5926707296324,91.93169499296972,3787986
2021-12-02,93.39283780092185,93.76098915748216,93.29421176131392,93.30566495349868,4501877
2021-12-03,93.08705276365112,92.90046826685811,92.67931706283741,92.82846573302804,1541902
2021-12-06,92.17976216537016,92.8361587152502,92.08394693617485,92.17667195032195,3526630
2021-12-07,93.6557339461261,94.10913764597517,92.51753879654021,93.46958630544074,255116
2021-12-08,93.57001083689686,93.65507716584618,92.71713956851845,93.54123798602338,2709152
2021-12-09,94.25942819200996,94.34724426895313,93.85086245654647,93.96111493291127,4503683
2021-12-10,93.80933117344235,94.74952460987036,93.43944980853122,94.00902648407448,3261411
2021-12-13,94.51165128203077,94.542038857039,93.82047361975815,94.51320413027283,1411719
2021-12-14,95.27423879546315,95.20616199508844,94.8398909194826,95.14614133703127,3071331
2021-12-15,92.41401451718023,92.60620245545194,92.20467536869141,92.4492213545249,1852952
2021-12-16,93.62148636613142,93.82179731630629,93.3019542196332,93.40623748366238,2222293
2021-12-17,91.98848273756754,92.74411054761055,91.33335358948943,92.06803680201475,1217677
2021-12-20,90.49761967458988,90.40980218590086,89.85636746790313,90.12461710919516,3161343
2021-12-21,90.45500922586294,90.42552034644828,89.7726335964881,90.07270508598987,1071858
2021-12-22,90.26419574971695,91.59335453778839,89.98399137230844,90.21330245709629,2273492
2021-12-23,89.405204212403,89.79146962042277,88.9178523116635,89.30650245506298,4702322
2021-12-24,90.66943281550103,91.02252570692788,90.41472410568227,90.45385027626804,3812310
2021-12-27,88.46702938727516,88.90377433029057,88.27878404234302,88.677584983754,2130342
2021-12-28,87.93303390755845,88.83853208835502,88.01776134865771,88.16437723599618,4847671
2021-12-29,87.64018004728045,87.44873879427068,86.47922020711619,87.4205064916502,168345
2021-12-30,87.43353467442859,87.63567823057154,87.34383733963726,87.385649353194,4803340
2021-12-31,87.73851102411331,88.58739256945348,87.25708032910676,87.77827550388268,1825447
2022-01-03,86.4890564166927,86.78011252523284,86.409148939159,86.48713237155533,4121605
2022-01-04,87.04074815804319,87.92758748012004,86.866977938114,87.45810549163807,4742844
2022-01-05,87.53368778914395,88.396779737896,87.04209266764006,87.56706175305968,3048618
2022-01-06,85.01421665519338,85.19224906071119,84.69923027431246,85.14244914258087,3091416
2022-01-07,82.85410699180827,83.6296883013187,82.51852683988099,82.7022538052989,3771726
2022-01-10,82.87638406968361,83.25858845702875,82.32429065196975,82.71178253097695,1274766
2022-01-11,82.55793184903763,82.68431507186803,82.22434074982066,82.46282248947713,972436
2022-01-12,82.42484086288458,82.70202341571787,82.1443324559314,82.35970115061951,1783982
2022-01-13,82.10322771886186,82.51306113412613,81.89735893785796,82.34984024997372,2447190
2022-01-14,82.75136448069142,82.78001348562776,82.43001853300393,82.65372677717764,3740091
2022-01-17,83.96773876431206,84.23695293211969,83.7481203850566,83.86217340501557,1360793
2022-01-18,82.70626661196985,82.81116914100231,82.24162328053814,82.50080781233403,2867440
2022-01-19,81.43099563830447,81.55000321066841,80.97461490865986,81.08747506759772,117125
2022-01-20,79.52232416610111,79.79319659739676,79.61634581278905,79.7924312283928,251530
2022-01-21,80.10074441221579,80.28466149640312,80.02323399908077,80.16302736902432,4837014
2022-01-24,81.57729515451857,81.9075291281114,81.60623567766024,81.69857941412312,4266431
2022-01-25,81.22405744027171,81.25355345479457,80.54942739178848,81.19604363787977,4332857
2022-01-26,78.23114391144014,78.38440774410158,78.16182533185781,78.22904708224507,1710714
2022-01-27,76.24202790365851,76.4045282292772,75.82795230122042,76.27773840593035,2617123
2022-01-28,75.50800525760275,75.6611667868425,75.14238737769597,75.35313882939005,3406048
2022-01-31,74.58313351355625,74.90536470149169,74.19942458747582,74.74779007003123,1345346
2022-02-01,74.15884927341101,74.34852124210106,73.90406943067592,74.3135882174353,3747792
2022-02-02,74.22655598405022,74.62554824646132,74.068907720817,74.37891751796786,3495578
2022-02-03,74.00076456092482,74.29934188092206,73.73761176529271,74.05413205440901,2095622
2022-02-04,75.06663831650418,75.70696681149225,75.21757272576177,75.25154494019574,2230525
2022-02-07,74.5074430348652,74.8793718673711,74.28568158517145,74.51468161291189,1606030
2022-02-08,73.55477524054125,73.60805158717008,73.11736117704547,73.57912848913011,4036412
2022-02-09,74.01518460703119,74.45160073915505,74.01756829895197,74.13179616325178,4935821
2022-02-10,72.59208650537317,72.75840966016766,72.30396892477812,72.46545077442984,4997638
2022-02-11,72.90347272261333,73.11646698202344,72.15304592277877,72.91214934542248,3879844
2022-02-14,73.20155178976096,73.56000524087901,73.02052531995437,73.04630685888924,1810504
2022-02-15,72.87836127231542,73.27907245133675,72.89740808208381,72.90680219415493,3927297
2022-02-16,74.6833886975537,74.88757360670061,74.61869078329809,74.68700278492312,1297574
2022-02-17,73.93207560272886,74.166708832473,73.23591378543072,74.01538471511569,4493208
2022-02-18,76.36033244705564,76.37713143638113,75.88774011562953,76.36140861457794,1410174
2022-02-21,76.23490456715403,76.56137165747862,75.82764569996746,76.12646526358223,2074050
2022-02-22,74.64307252293328,74.7120139655215,74.34517198645443,74.70452958358003,557396
2022-02-23,74.88291855250779,75.25386049994786,74.6134847862388,74.80535856702211,498650
2022-02-24,73.50982174946004,73.82973303991564,73.59458925624884,73.62950606405376,2030826
2022-02-25,72.9362998395564,73.00234168181963,72.54339499708878,72.8257429967439,2795987
2022-02-28,73.19773808653403,73.97449338808694,73.09935521455004,73.2827322534843,185382
2022-03-01,74.04408409153443,73.91858868699885,73.78626459436117,73.91817484796674,4246231
2022-03-02,73.26244757790836,74.0721351075271,72.85490223464664,73.25351408588821,660538
2022-03-03,74.59508259039919,74.50174352853578,73.9238299338473,74.36885940168911,4992162
2022-03-04,75.51936480553043,76.4300496631636,75.65535555675167,75.69407698817173,1431309
2022-03-07,77.13735934168461,77.97538188489872,76.69691584131584,77.3657704484554,1957082
2022-03-08,77.90985451956675,78.72011882055668,77.98596654149927,78.00599179443306,883327
2022-03-09,79.42109467805157,80.04771691963617,79.52966133480719,79.64164005152107,4139682
2022-03-10,77.23523733942837,77.80264975077209,77.0727103468505,77.4494213744037,3687579
2022-03-11,77.19995137390183,77.38244685332545,76.97399906903176,77.10410314601187,484902
2022-03-14,76.13004993095194,76.21606272919665,75.8155286576129,76.13068619977193,617463
2022-03-15,76.21665316483397,76.77540944039139,76.21845757368644,76.28984273738774,3084703
2022-03-16,75.60283962094007,75.90519799524662,75.16390154457144,75.66139588147217,4343371
2022-03-17,75.40552223483223,75.75096857478779,74.9615049550806,75.49569998588474,638085
2022-03-18,77.93721969226979,78.02981818144605,77.24480881449897,77.68081564612301,1183461
2022-03-21,77.39254302790795,77.81686096407326,77.04307298280382,77.50655605662675,2772196
2022-03-22,77.80624063390293,78.12050367836255,77.8865718211044,78.01252664581003,632094
2022-03-23,77.88833567384239,78.28960108681977,77.18296204880119,77.76452667488624,1592324
2022-03-24,77.84264885749276,77.99759989419786,77.46482925524819,77.87625333665805,149522
2022-03-25,78.2243185498814,78.19728767178223,77.640354369002,77.90665049146952,2545872
2022-03-28,78.37329285282797,78.79701648544967,78.0983720494007,78.4558606854062,3604504
2022-03-29,79.99837596351145,80.3337182281183,79.17186223674751,79.8632498716407,2118697
2022-03-30,82.0631244202513,82.31840640981058,81.66631343166969,81.88589103486794,1357422
2022-03-31,82.20595880552817,82.602503778035,82.1330053308425,82.29176209407754,2179365
2022-04-01,82.92422702445437,84.18518119624484,82.77013145552827,83.04762263161136,2596543
2022-04-04,81.77183567437656,82.37213837132103,81.54593641246834,81.65076937909173,912021
2022-04-05,81.66146406068557,82.14747292605288,80.88615680804637,81.56767886200404,646918
2022-04-06,82.51765131234671,82.91713187568912,82.46161671442268,82.75111041674452,990904
2022-04-07,83.66891652440123,84.1729456043588,83.45835009271116,83.85817362743448,4927950
2022-04-08,83.72313457279218,84.84116527131373,83.99408243178397,84.15001582289224,3642463
2022-04-11,85.40349998294433,85.84152758575898,85.07944860010045,85.3019246937808,714385
2022-04-12,85.91296313048208,85.96848321452288,85.84433091531578,85.957975401336,1576675
2022-04-13,87.51749875427869,87.67432113372325,87.21456821794803,87.54588996010206,2118437
2022-04-14,87.65554539291301,88.01117437505098,87.88217770584276,87.95308083180832,987913
2022-04-15,87.3191157680672,87.61070508433802,86.68459813389954,87.51130851567318,4273082
2022-04-18,87.89555802850016,88.6835174269221,87.3703739822676,87.97965935312513,4708864
2022-04-19,84.10795668834083,84.39910840986795,84.07193160912179,84.22120483250922,1299946
2022-04-20,84.75168760779069,85.03930714036596,84.72100256841038,84.73171870138341,181079
2022-04-21,80.33698321387318,80.71247506625201,79.90463671206089,80.24334434627241,1408161
2022-04-22,78.5739975628554,78.6763982742658,77.77701870936328,78.21894416518835,2954398
2022-04-25,78.77127225621071,79.07174497743787,78.44758358294318,78.77442591630917,4061647
2022-04-26,79.541560672235,79.48140542204143,79.33378440150422,79.36451389193408,1763775
2022-04-27,77.88657358628322,78.99755539521344,77.30536586605785,78.01607602481799,1439364
2022-04-28,76.951693021745,78.0319228314044,76.77676389315779,77.2103393685517,1319433
2022-04-29,78.78216516813478,79.23904480923109,78.02370551727513,78.8377144814041,114069
2022-05-02,78.04069963491935,78.49882334680531,78.25952500009477,78.29087369334175,168695
2022-05-03,80.99635803678908,81.04006655959469,80.13341601022894,80.99398116033856,2196777
2022-05-04,80.8894914207775,81.09063310480063,80.7693006673723,81.01594988525537,3126008
2022-05-05,81.21909576311295,82.33316779887711,81.16920254031412,81.5377897018199,161422
2022-05-06,83.85471706862754,84.09483133789264,83.28741407953403,83.56457665587203,1081372
2022-05-09,83.66405300896471,83.76558728215527,83.49170729792685,83.75409900284384,4557982
2022-05-10,82.25871481042738,82.6546408553592,82.42397652431882,82.52901703312027,4951345
2022-05-11,82.56606604568573,82.72142581724538,82.21687019175522,82.41801497352806,3244884
2022-05-12,82.27864436557317,82.4103885819833,82.13108478743375,82.39871814456308,2656198
2022-05-13,80.92936313184539,81.3993000309788,80.70248575519574,80.75329413509597,2956769
2022-05-16,80.35010580517563,81.03539817770658,80.30339090672878,80.46813555465141,1915384
2022-05-17,79.51502615900267,79.87242477402866,79.15965561029097,79.6011383027031,1087788
2022-05-18,80.79242289691638,81.55678487175106,80.60249138114452,80.73674171958683,1942129
2022-05-19,80.89877428841707,80.81602668681667,80.66570623293228,80.8029065880066,3529736
2022-05-20,80.6087164991211,80.89872817716558,80.41334035114905,80.48501365094033,3346879
2022-05-23,80.36660859389475,80.40245826426303,79.81293914068482,80.38103556522249,3418547
2022-05-24,80.75999871625709,80.68710796655655,80.27574422702688,80.67470671830148,3082731
2022-05-25,81.57048246026817,81.68686410730096,80.33365346862257,81.44902102011116,396271
2022-05-26,80.2930197472128,80.30862898220876,80.08169588266065,80.26082405852863,3169681
2022-05-27,79.01774604506032,79.16597108158814,78.79519417263285,79.04029752449371,3279577
2022-05-30,80.15267313645765,80.70024653332673,80.32547648138448,80.38503330154589,2939125
2022-05-31,80.00911643946165,79.96331600072871,79.68893101846584,79.91335240837215,1197372
2022-06-01,78.26297773049077,78.4950976430648,77.81549435051409,78.25637700869109,3983087
2022-06-02,78.73753173605924,79.70881876140085,78.52202263607865,78.80271984433118,2312699
2022-06-03,79.57900740937457,79.41177145651207,79.14335577271393,79.3761590371969,1388278
2022-06-06,77.37607140537108,78.19719654636569,77.52168926798926,77.59766451583354,2500229
2022-06-07,78.14469988227906,77.96478026378901,77.22204952070916,77.88859651981629,698034
2022-06-08,78.77287839853975,78.87851633416929,78.02779913619834,78.7763876154021,4639352
2022-06-09,79.29411658257501,79.76734340313759,78.67372389418371,79.24379389238628,3542002
2022-06-10,79.95935322982416,80.20145763391689,79.85473186062423,80.02257812686128,1700097
2022-06-13,78.1167942152209,78.46062484775365,78.22529665792057,78.37811829109617,3990025
2022-06-14,78.76991451833261,79.41673617423243,78.68332503145895,78.79191478077755,365449
2022-06-15,78.51112674419576,78.5456818002795,78.26458046339462,78.45859951101926,1991564
2022-06-16,78.02121490555227,78.45490621594472,77.59355714553577,77.9158375614786,3291786
2022-06-17,78.93237141572337,79.21661779662395,78.34758473632252,78.96364626258293,216092
2022-06-20,80.4054506450294,81.41672918036633,80.73300634375347,80.75958787297088,3572757
2022-06-21,82.7318086645238,83.01218536626686,82.75371320681049,82.98768648117253,4109444
2022-06-22,85.01349425781987,85.67787482034703,84.37930097141059,84.66602158231412,3011238
2022-06-23,84.36738419867419,84.75734313289657,84.37087899470045,84.55213670237852,1109860
2022-06-24,85.26884800080364,85.35202147698004,84.56810549213344,85.02617488718582,3770513
2022-06-27,85.87489873477952,86.55616649876983,85.88796708776104,86.03562821329838,1761256
2022-06-28,86.18655429410559,87.22289788255082,85.88147239273762,86.21801626729156,3705891
2022-06-29,86.52126825280304,86.76727123976684,86.39172448609344,86.41321574036411,3178331
2022-06-30,87.37028053981427,87.66003820390614,87.12320516005522,87.51383726646415,557701
2022-07-01,87.74080338026853,88.0084977302648,87.34948043110937,87.46228582965641,589778
2022-07-04,86.54978716848048,86.83423360190773,86.40709803262166,86.53668060701035,174301
2022-07-05,86.10543713509149,86.8718385413992,85.72649185094798,86.02614669007944,452779
2022-07-06,86.82760314516814,87.5464322974689,86.68797903815235,86.87409938078744,1568321
2022-07-07,87.01855831483506,87.01937173408449,86.80210882991011,86.90406737043266,225948
2022-07-08,87.6507875756975,87.57695766368832,86.67997963656462,87.37489387949331,4698512
2022-07-11,88.26084416245952,89.15524831884188,87.55500825268328,88.284025064475,4591535
2022-07-12,88.11916165685825,88.28093605016343,87.6289018023586,87.81537091626177,945777
2022-07-13,88.735171688517,88.96396008269974,88.4816788301267,88.84384473459693,1625775
2022-07-14,89.51354367320037,89.70748845079761,89.24198091423855,89.37695851318193,3736741
2022-07-15,87.84891539215774,88.7985671127509,87.42037831087255,87.76306304749946,3337228
2022-07-18,89.51765233557585,89.86782235330513,89.13929406763137,89.70937599746065,2949934
2022-07-19,89.10287905867229,89.2523427409875,88.43620185586961,89.06479322440649,4947252
2022-07-20,86.90820270119326,86.9584860881638,86.17932387779138,86.90692239921495,3185994
2022-07-21,85.43485801053087,86.00333945035337,85.43045319948679,85.58089190535576,3380308
2022-07-22,84.36579981969393,84.54432166203198,84.12871538332236,84.30543671657327,2560239
2022-07-25,84.42144791158043,84.66301074278543,84.00264746686278,84.39675518556217,2672964
2022-07-26,84.0637982192773,84.5204251060302,83.86142472628565,84.07600386020131,1526065
2022-07-27,83.66590557855523,83.83580008211031,83.17926246186235,83.67738234475254,2652507
2022-07-28,84.46896686352186,85.34791165823906,84.11100400171846,84.48417574859002,4599040
2022-07-29,84.87899960254232,85.46189836816474,84.61157358537199,84.94146549192129,1946894
2022-08-01,85.39458789114347,86.01152029453563,84.90393328426825,85.37071241851983,752793
2022-08-02,85.81225809486023,86.09558630596455,85.7507960461336,85.92291206335078,3038920
2022-08-03,87.20765331665746,87.07730429215374,86.29417832707765,86.74671432869285,3947463
2022-08-04,83.83500125818624,84.14360548854641,83.8927720327086,84.07197210879576,4798077
2022-08-05,83.5409150550393,83.6442637111212,82.54131835920604,83.6387282187263,2756603
2022-08-08,80.89010636425338,81.26987731067696,80.92311390105677,80.97200827200399,3961415
2022-08-09,81.3708498685101,81.59049536550525,80.97119377739851,81.04012618097349,1327311
2022-08-10,80.84479143849876,81.39964019817238,80.72454520026844,81.05880852213068,2178710
2022-08-11,82.43494101511823,82.47718872537105,81.58795358039016,82.36477902320887,2153305
2022-08-12,83.91203830599035,83.91223831773854,83.3831416780587,83.87037250046563,1728979
2022-08-15,84.20725068931546,84.39171759410218,83.80583299850181,84.15110468438823,3609194
2022-08-16,83.75352557346972,84.06054810192508,83.02391815322923,83.54694019693065,4429304
2022-08-17,84.3871176659064,84.33273453476804,84.16022369931154,84.18241476301984,1700238
2022-08-18,83.46813676973741,83.99945928310187,83.11996340147294,83.54348578018514,765350
2022-08-19,83.59923371347004,83.77021623357157,82.95207104534246,83.56680687600516,4144619
2022-08-22,84.52127416352613,84.8965754285632,84.53509982250934,84.83756592160073,4262967
2022-08-23,84.17264904251657,84.19631639405925,83.83148075259884,84.15597050591154,4681081
2022-08-24,85.06943517483418,85.56040486875446,84.501202191538,85.20473849797133,1349876
2022-08-25,86.06865008742471,86.13174108143207,85.61679873619264,86.10074541904113,3623295
2022-08-26,84.615693709683,85.43663312813878,84.89952815620376,84.90187617643885,3606583
2022-08-29,86.2468920074504,86.22839822368526,85.8219319398153,86.17711055982001,3971106
2022-08-30,86.81541444764343,87.49855256859779,86.9471933227778,87.11099401862839,4050480
2022-08-31,87.29633780253413,87.48524921169117,86.48142749144914,87.2704560720078,4767320
2022-09-01,86.09239762804887,86.39077358029638,85.38621633425775,86.30410255702283,2437282
2022-09-02,85.07968751714628,85.38367072872674,84.63970277626015,85.22450799553083,471973
2022-09-05,84.7606081076096,84.77050666376752,84.18315687725108,84.56530755681469,1042191
2022-09-06,85.38224442253838,85.50491254631424,84.83453633526989,85.2819668250199,4444438
2022-09-07,84.2867279894537,84.46723538315817,84.09218583116586,84.09344708296315,4239361
2022-09-08,84.93667071388467,85.27522057405294,84.24091734766276,84.6725386022134,154245
2022-09-09,83.00643404244602,83.54888707779139,82.96068275784489,83.13493383200777,1900790
2022-09-12,83.15425910450065,83.29298125337115,82.8442697702118,82.90571247718512,1301390
2022-09-13,82.82362683998296,83.44236736185199,82.61224108833751,83.06709744227099,1671333
2022-09-14,86.32478258883486,86.22881667206114,85.88123757088586,86.1961606202843,3230097
2022-09-15,84.37564038931114,84.6495030225122,84.44580748479322,84.45897398371632,2599079
2022-09-16,86.20979364803041,86.86208382715581,86.36278663636305,86.37049461495064,2456397
2022-09-19,86.69723063848956,86.78204800819428,86.47272230330941,86.59081574436911,2231922
2022-09-20,87.31737368992901,87.35943893553649,86.98280066209514,87.15266360513655,3243912
2022-09-21,87.49357980704849,87.6270870211047,87.30189296668564,87.33371223525366,3446955
2022-09-22,87.98242542051739,88.08349382569476,87.92950409880763,87.94463387199212,313018
2022-09-23,87.79162063660917,88.28561132452617,87.30836287542051,87.7684572590857,772269
2022-09-26,89.82524948652267,89.82008611613621,89.3709687439766,89.7306972743119,1771726
2022-09-27,89.19930147893777,90.24689216627063,88.70994329857163,89.14514329485814,2234879
2022-09-28,90.79747796207974,90.77660164159921,90.60030871783505,90.69927679580047,4981464
2022-09-29,89.89045770564265,89.98411500962149,89.72113709418602,89.85379745312427,4469338
2022-09-30,89.95092534579906,89.80141776427588,89.63877437098034,89.79956210901261,3278979
2022-10-03,88.10602668988867,88.50705788643634,87.4571193630434,88.3936965159298,276707
2022-10-04,89.00240885068011,89.21952641848723,88.6292125821526,89.02578229830928,593378
2022-10-05,90.7520784350098,91.94889409006501,90.69590545090738,91.00394942769304,2340957
2022-10-06,90.97600715773439,91.30999524127478,90.37105850210409,90.92568851480607,2976540
2022-10-07,90.98255255404455,91.07426839068812,90.46794512906332,90.68475647774305,3336606
2022-10-10,89.12335344509968,89.30060270832308,89.18615151871607,89.20793769648124,795489
2022-10-11,88.95095097134035,89.62689375429431,88.07736948206188,88.92831835321762,4449784
2022-10-12,86.98629257178517,87.18957820532133,86.73444255189457,86.85488344088697,2516800
2022-10-13,85.34497133018776,86.24254920583297,85.16853314885205,85.69937646208525,3009552
2022-10-14,85.92738455224256,86.38586511599732,86.00041277578958,86.01720552153765,292618
2022-10-17,87.826326691466,87.76626547922034,87.58005453931119,87.76234519323111,4139972
2022-10-18,91.03643960694653,92.35690508614096,91.53494822690014,91.56697770988637,2760952
2022-10-19,90.61469508213266,91.36351621688692,90.40717699582117,90.79206800840154,1191185
2022-10-20,93.00011438766852,93.28206812373382,92.47773209812914,92.7958043853606,1662387
2022-10-21,93.35054414860711,93.38092376758533,92.70527062496019,93.16365842733259,1828766
2022-10-24,93.05003472517419,93.49591105439652,92.68355075687657,92.98042618855216,232579
2022-10-25,93.77898189118525,93.72121342141574,93.56713878528174,93.61381012646595,4716448
2022-10-26,93.76923150788285,93.97373427267719,93.62542301888331,93.72890853765453,4034647
2022-10-27,94.01673263367378,94.1334956750246,93.5788975316195,93.91241567884651,4441278
2022-10-28,93.308023002358,93.71210940119911,92.75787205774212,93.3669662607248,1832837
2022-10-31,91.47791307925894,91.98797104796107,91.01049446721736,91.4567293808572,2833969
2022-11-01,89.2771912581437,89.79490084669223,89.0622074299858,89.39024674789925,2345479
2022-11-02,90.52572205946623,90.36710839953771,89.64909872139016,90.29754317581975,2429892
2022-11-03,90.22425102035798,90.38651547564014,89.03735535676142,89.95052089743575,2985754
2022-11-04,89.42268901792782,89.72865170574408,89.0407303015088,89.17657721707943,2310230
2022-11-07,89.14189726914138,89.51138234572232,89.00068874526832,89.21471588358676,3888885
2022-11-08,90.13969343599746,90.73524964929959,89.70678357381749,90.31196785676897,388069
2022-11-09,90.81515134607078,90.93895804304856,90.58327516943541,90.58380507971613,1043971
2022-11-10,89.82127335537153,90.54294168388341,89.49521266177494,89.72367065394828,4472647
2022-11-11,91.47685306567033,91.93500528683221,91.30124535590802,91.41677682283724,4423481
2022-11-14,93.51751361954972,94.25814376427005,93.13255058685729,93.63617538962656,4108932
2022-11-15,94.44202114011566,94.67142411533413,93.27094698610928,94.36168842798946,1906886
2022-11-16,95.57078578479924,96.74280920964573,95.3251366506169,95.77867878213054,2335630
2022-11-17,97.7327606616785,97.89757136850199,97.11015583233403,97.60898030162946,223826
2022-11-18,99.58135695846651,99.81197965949237,98.87165064994856,99.30748940584053,1469255
2022-11-21,100.58360375983654,100.51834689773167,99.45139774223834,100.25655773634969,3659538
2022-11-22,101.33417601341232,101.58602549690293,100.66340004698677,101.19078380465267,1780310
2022-11-23,101.73126931925773,102.55015663576233,101.94411014876174,102.01323830663054,2453275
2022-11-24,100.4175617177025,100.41343796046152,100.35959761084425,100.37794653103637,703486
2022-11-25,101.9032269428258,101.49166134760613,101.05473484797098,101.46900419111489,2532256
2022-11-28,99.28330509127647,99.83319661218744,99.01348943112781,99.45608250328114,3636769
2022-11-29,98.295554553703,98.3719741673877,98.12045509705405,98.3071905020276,2903414
2022-11-30,100.56192522711027,100.92698641573367,100.14803287303828,100.27843321249765,2827682
2022-12-01,101.7061179666566,101.99365264116389,101.27153354767098,101.58074012553497,4581461
2022-12-02,104.41913840005542,104.02589255879843,103.80607645866642,103.9037433476527,1247106
2022-12-05,103.36051225594416,104.14132065285156,103.39062487565933,103.5122341503409,1567297
2022-12-06,101.56760176828986,102.59133980918517,101.76367364651064,101.76905478986515,3152727
2022-12-07,101.68143892480234,101.82845568535113,101.02972838955245,101.43310523649087,2452928
2022-12-08,101.37589762302899,101.76491639417057,100.78237102296842,101.61894547326693,4898228
2022-12-09,101.72989434943817,102.15097822206111,101.47201997727531,101.76994448403455,392427
2022-12-12,103.5328263447751,103.89161959645635,103.13051970927818,103.54642127435358,699736
2022-12-13,103.23116623586056,103.09664321529011,102.9147731530373,103.01771569779021,1775778
2022-12-14,103.72148412097471,104.02109078047881,103.22759608546404,103.59421490519674,2346576
2022-12-15,102.19326675823748,102.7374168546448,101.76607440667279,102.09993416294618,4463229
2022-12-16,102.74001321666887,102.99425350169945,102.73473405218662,102.82277133294046,2521378
2022-12-19,103.1083655728133,102.95382681526229,102.1267721216976,102.85841878836474,2242037
2022-12-20,102.55771099245895,102.08835183371741,101.57166137151711,101.73854800718003,917306
2022-12-21,101.54991353705749,101.6866133121354,101.36767529054679,101.4097081053171,2227810
2022-12-22,101.18044587543689,101.28300995086767,100.90208983442429,101.16028013856196,2704743
2022-12-23,100.51980406307857,101.06188801841462,100.03474799536669,100.78140497042993,2960539
2022-12-26,103.39413162967784,103.54821767378014,103.2777442190992,103.52612359630255,3069288
2022-12-27,103.36017993411265,103.6178509689732,102.69441559630708,103.4043770813471,2205236
2022-12-28,102.94749269459304,103.43185581248416,102.92194203347522,103.05768201772914,870988
2022-12-29,99.89253224085101,100.08040469870596,99.85509296280311,99.89574445534959,848383
2022-12-30,98.94495652779143,98.92386288467893,98.13263556865301,98.59435184247481,858147
2023-01-02,98.4805535898726,98.56445392636857,98.22966188549036,98.23552140505878,3131073
2023-01-03,97.22835324816148,97.28445490479916,97.25290107460145,97.25924914964969,4296108
2023-01-04,99.08580722026369,99.63553324370864,98.64688541295232,99.32583404679559,4427258
2023-01-05,99.37522098598106,99.37103835987728,98.84276444848201,99.11012763042734,1625798
2023-01-06,101.06462690550693,101.64305178546464,100.91116497725062,101.07454318206939,490182
2023-01-09,100.84905451708278,101.83896557406824,100.98927546582796,101.19849299955087,3188633
2023-01-10,101.42971839815131,101.82509260843081,101.0517607027402,101.28540085788171,288052
2023-01-11,101.38849350534572,101.45282392837771,100.8868418989791,101.180933632695,3171188
2023-01-12,100.72596936980975,102.21515532386726,100.9797679794287,101.21705598347586,1977202
2023-01-13,103.72039142468468,103.99002552987457,103.7971377591324,103.89172022506618,4211937
2023-01-16,100.34699320926785,101.89064288211607,98.92905872627378,100.36916556316397,3164331
2023-01-17,97.5729010687484,97.54061530195563,97.19365255506797,97.4297746036829,3725483
2023-01-18,96.56846803025407,96.79152598329988,96.14666125458122,96.6681805982248,2088048
2023-01-19,96.55729314517242,96.91062171654079,95.90495314813556,96.71825977846775,4218824
2023-01-20,97.89613425870374,97.93594840354713,97.69888684179676,97.75396690117414,2673129
2023-01-23,98.3874253220137,98.89112117772986,97.69908581085612,98.47966578361964,3163552
2023-01-24,98.049251770075,97.99885738280538,97.57058693461912,97.94307077606862,1867071
2023-01-25,99.26038500603083,100.36528966775812,99.4804666052694,99.48153557437449,2302340
2023-01-26,100.78773338451865,101.18191324066204,100.40214343775177,101.06106982789387,4216701
2023-01-27,101.52400286399154,101.50797497407144,100.54610901844771,101.37087826832776,2028475
2023-01-30,102.92809413727565,103.34370845065342,102.83327289719534,102.87613759119904,204754
2023-01-31,103.51935578019412,103.54493830917265,103.30463397279746,103.32872343351566,1957245
2023-02-01,102.38368735739184,102.56154548533382,101.79883066958357,102.49286131855719,2020598
2023-02-02,103.43764079531357,103.9174658647754,103.25973670078449,103.60239041525105,2150126
2023-02-03,104.08806724827302,104.20857868780399,103.35109117269653,103.80556685736362,446241
2023-02-06,103.52251567804903,105.22596361687371,103.50273728451687,103.83880009935702,733615
2023-02-07,106.45621730611305,106.33032481571189,105.92764615921492,106.1904310019333,1687782
2023-02-08,102.65855149874744,103.13403360924313,102.06863046734748,102.38814344792073,2177396
2023-02-09,100.43636651147433,100.61392667700565,99.20247936044957,100.26389466255685,242163
2023-02-10,98.38841252691091,98.54934687938868,98.49771607766525,98.52394354486225,2008280
2023-02-13,97.85788841814063,98.28587234069799,97.29251931331204,98.01795641381861,1668622
2023-02-14,97.63259162245723,97.94457037853675,96.88428494722659,97.67362544024401,269401
2023-02-15,95.27126502294868,95.84181254424057,95.434233350933,95.51866594750874,1327000
2023-02-16,93.9646899403417,94.44932312866011,93.71967677403595,94.14576878203316,1448140
2023-02-17,93.08567685901777,93.12404697169191,92.64105577212946,92.96580038013246,803296
2023-02-20,96.61083560032571,96.9081653220163,95.57403237506584,96.48553001342637,3784344
2023-02-21,98.95031171931451,99.46567438681556,98.61335542804717,99.15846016657211,454631
2023-02-22,98.71079057033155,99.02981699921975,98.07655681354206,98.577489764019,2931933
2023-02-23,98.15986074308373,98.65348395769426,96.97638826929544,98.07075300850741,3360145
2023-02-24,96.71479114352557,96.93668838903919,96.07340488129707,96.42361376544338,4050220
2023-02-27,93.83770964611818,94.0537395490525,93.68788196547126,93.73101816977066,2773351
2023-02-28,93.79306250503578,94.0519614366134,93.39276092688777,93.594906914664,2759171
2023-03-01,92.32010030157298,92.25022620120794,91.79099849747146,92.23209656869811,3827956
2023-03-02,92.3230067652873,92.50030539365332,91.19346160470803,92.14242068475339,4285010
2023-03-03,89.75240196822946,90.77648167532311,89.89912012116248,89.98404197672056,1133645
2023-03-06,88.96643891758424,89.37212915504746,88.04677707149175,88.98810653502312,4000728
2023-03-07,89.2065229556635,89.29248591313537,88.59187491810107,89.2134785323763,2365610
2023-03-08,89.68806073213787,90.01316335924187,88.95078094812541,89.73180497754123,581594
2023-03-09,90.40275436422502,90.49419180528054,90.02181574906886,90.32256840316496,3100896
2023-03-10,88.6900738881206,89.01484544725857,88.28137776078867,88.57769011921287,4887331
2023-03-13,89.81792035475414,90.41973887596372,89.71168209849662,89.74751216116465,789448
2023-03-14,88.67191246360701,89.01911126117147,88.67655310970609,88.70330347719583,172262
2023-03-15,89.44442268250678,89.82924634010537,88.23427151723045,89.5762305369972,4590944
2023-03-16,89.78540088988792,89.8979320434319,89.10627188582433,89.58880970107941,3024506
2023-03-17,87.84587241676331,88.38489063712798,87.68397017426321,87.7844701967296,1173559
2023-03-20,87.21726781479241,87.82402939309998,87.12591253423501,87.39531196664915,3983306
2023-03-21,87.86790862119021,88.21982882054738,87.90126873876474,87.90195965013184,2029035
2023-03-22,88.43111501556301,88.89905482722106,88.69163023965595,88.74051764719087,1726281
2023-03-23,88.58588199633796,89.1828654617313,88.11687191345122,88.57961576548139,1520050
2023-03-24,90.62966661370471,91.31029526333425,90.61736590782016,90.66563910226625,3032991
2023-03-27,91.96807548826344,92.45221001944506,91.83842986630094,92.0738622699948,759254
2023-03-28,92.0383633439605,91.78716473622683,91.59731399364665,91.7475968252738,1874400
2023-03-29,92.59898082495411,93.36147048551521,92.54898248683865,92.81359446413255,1594882
2023-03-30,95.70894969034491,95.62926317692866,94.89888179542837,95.57392419750943,397013
2023-03-31,98.88634626692144,98.97686134761105,97.99450949014289,98.4557582468233,3839464
2023-04-03,96.89612344166032,97.31713723546098,96.65333950244343,96.68780610127295,141461
2023-04-04,95.37592784925329,95.48040029912731,94.82312136064823,95.38194430996859,4802634
2023-04-05,97.33828308753661,98.0594356543153,97.26688030834185,97.55956156603247,564823
2023-04-06,95.79026118663805,96.25279596397945,95.94643858956525,96.05191855714817,1855352
2023-04-07,94.1159284943172,94.46363911391653,94.07461281593909,94.1934594500984,582207
2023-04-10,93.40855051820331,94.0812205410636,93.3133613641004,93.53707059049097,1897693
2023-04-11,94.02127674012169,94.30093218067357,93.71624906441143,94.15677717607069,3093359
2023-04-12,93.97910259168798,94.55981212620422,93.4817820858393,94.0404759370023,528657
2023-04-13,93.13614200754961,93.35499346884845,92.38611279922756,93.15519170262722,2676739
2023-04-14,92.33503036655604,92.40364252102896,92.13714737526082,92.24551311639455,3882195
2023-04-17,91.06649242477349,91.51145616408277,90.62164830789118,91.29249543620594,2331770
2023-04-18,90.00007680185752,90.26744801895121,89.6721964592154,90.12304858342681,650983
2023-04-19,93.25904405717723,93.76502014920888,93.10510206774539,93.28883530245088,3490415
2023-04-20,93.69755129342556,93.99119223701778,93.10809289742181,93.73419858930878,1013758
2023-04-21,95.36680930410186,95.03739989116441,94.83740720550139,95.017823337295,182448
2023-04-24,94.39543476106523,94.38062959838302,94.00240289595823,94.3516090816108,2240261
2023-04-25,93.81329443652024,94.44838863653294,93.85847480003918,94.11702698828064,1427819
2023-04-26,93.22087519094715,93.62041507431914,92.93944376418158,93.14297387966867,239542
2023-04-27,89.63543964550475,89.99301372386665,89.2971234752281,89.53772466916674,3909224
2023-04-28,87.71032423502703,87.93684020091179,87.41907768126612,87.73227976938894,3038689
2023-05-01,85.19995272967746,85.96959293612576,85.07296276854844,85.4072183992298,4558887
2023-05-02,82.88829081428156,83.09686734098482,82.10372656122044,82.59786767609987,2453811
2023-05-03,80.98074578992649,82.06092974650066,80.79561874299208,81.1543973584268,2247849
2023-05-04,82.91769486306238,83.22306070911623,82.55919352443613,82.80826006963103,4228870
2023-05-05,82.81103241431663,83.368526987522,82.3947982346267,82.77791288378221,499271
2023-05-08,84.52274158684973,84.45733498737357,83.58667697852864,84.4212991726383,1872175
2023-05-09,85.25888815660552,85.67470935410013,84.39365961594325,84.9688287193917,4013770
2023-05-10,86.09449722998795,86.79085011502048,85.82931511645967,85.9978977054404,1533452
2023-05-11,84.77421622458289,84.97728566551733,84.44012257818866,84.86904282099792,4437335
2023-05-12,85.7536114990848,85.81760588419785,85.39870827180755,85.56434449101789,1491759
2023-05-15,86.42149049131186,86.92640412869696,86.5095419586648,86.53070945761311,2126935
2023-05-16,85.83928138397447,85.83813300660707,85.69308807708431,85.81121116186836,4497093
2023-05-17,86.3365691314381,86.82685550743119,86.40152800118854,86.56042887479974,1292440
2023-05-18,87.14443246158122,87.95920431033623,87.18877804379252,87.32489481055502,4843752
2023-05-19,86.64289921076853,86.82843585439268,86.25805767467727,86.6339955456132,315461
2023-05-22,85.27545576084358,85.85602539046305,84.53679295405367,85.21272441832288,1402416
2023-05-23,83.45255398687513,84.18787308625724,83.51091092595873,83.73766240937871,2996305
2023-05-24,83.95496372557746,84.23628828598542,83.0140347556206,83.87154720365935,3011162
2023-05-25,84.1710783025215,84.51358561889609,84.04532731700883,84.30924918607813,4558360
2023-05-26,83.5512148598334,83.56534836865978,83.23846475311244,83.33792178032695,4803081
2023-05-29,83.33747203911122,83.85374160989859,83.02815763599205,83.39617701472949,3421651
2023-05-30,83.94910743140544,84.45003702941442,83.99689928225149,84.13818651157335,3332719
2023-05-31,84.9603759959828,85.33365134476657,84.63477788263644,84.94749718103569,1654518
2023-06-01,86.81482796762518,87.47500025398654,86.89348877231234,86.97420559033094,4047686
2023-06-02,88.9078975570787,89.17664273761825,88.30643082923538,88.68283026389487,3250152
2023-06-05,87.38712744988393,87.75960639769627,87.08172046742912,87.38703478335566,217954
2023-06-06,89.62168601322641,89.76521943704414,89.29539076929915,89.64888129238345,4177135
2023-06-07,89.06967921335081,89.07925435153868,88.59863518131455,88.96438079094952,1862337
2023-06-08,90.21513876803449,90.61609458728574,89.92000347007834,90.39682688741918,2431567
2023-06-09,90.28283271949734,90.66871153739434,90.45260513691774,90.51621132889962,2481889
2023-06-12,90.05882739563451,90.364988709956,88.52700715045832,89.98533608739876,4116767
2023-06-13,87.4117321061639,88.19567575167038,87.14249511988086,87.60440410032729,1412834
2023-06-14,87.21317075133636,87.78670475642997,87.26348414991588,87.40546454832906,2020357
2023-06-15,85.55326538407341,85.48969112939402,85.03626519924586,85.410330166283,291698
2023-06-16,86.7756559888946,87.18279252493136,86.64255834673727,86.6846260168769,1807677
2023-06-19,88.48363551492784,88.7259205388547,88.0734607471639,88.70608012263375,533009
2023-06-20,87.56975973071701,88.29434167658975,86.9288836631053,87.67832935849846,2956644
2023-06-21,87.94355882878764,88.52839504938255,87.45157671671558,88.10280139235873,4476644
2023-06-22,87.48521436144522,87.33694751174798,86.83326357151138,87.17551127545492,2376963
2023-06-23,86.539985535159,86.53117411433493,85.84111556308065,86.38345690969943,4569317
2023-06-26,87.34550389595285,87.70208518718637,87.20614743904798,87.41908363753556,4887848
2023-06-27,87.49549086310516,88.11329496418703,86.85231762263064,87.39477804912865,363637
2023-06-28,89.48886429589065,90.12553225256123,89.06488087924818,89.73225157593014,2630308
2023-06-29,88.99236402530482,89.26259166030776,89.00568620623748,89.11224604395547,2688567
2023-06-30,90.50422331967435,90.53385877437718,90.24853700891774,90.48524616280999,1987342
2023-07-03,90.72673398952394,91.13975226992032,90.23531735066364,90.64474930375637,4169297
2023-07-04,91.74286751721286,91.91239696749277,91.53266538306242,91.76075336277124,2035174
2023-07-05,91.21991341658405,91.90951548432677,90.93235237471953,91.17468830751321,370437
2023-07-06,91.14855027360856,91.35776156090519,90.68559401857415,91.13427200111062,2784905
2023-07-07,90.97404481201671,91.18361467223559,90.95605075289386,91.00381714798309,1089351
2023-07-10,89.84339767894069,91.1324677200843,89.21921897221353,89.8966426678984,1839068
2023-07-11,90.74368874879808,90.83879441933298,89.9113753470911,90.82111645207988,2559258
2023-07-12,91.78136865116586,91.88240394668944,91.39908489113017,91.73881330755967,3642242
2023-07-13,92.66308451346339,92.9659233748211,92.23836445063122,92.58701213757637,1462986
2023-07-14,94.81238067705365,95.2872529448022,94.36132750772386,94.77478178345888,1965248
2023-07-17,96.65844261467518,97.04486723404796,96.34990228210218,96.8868236637834,432721
2023-07-18,96.1798144375583,96.45787210625373,96.07392715396279,96.37235249152626,1982307
2023-07-19,97.01955837840329,97.12505097760737,96.6560910575913,96.94222140171263,2943120
2023-07-20,96.35122978225778,96.98919479793597,95.7508854196786,96.06846698645707,3123168
2023-07-21,96.1602671775836,96.67505822293909,95.24373291375049,96.13096348724362,1536867
2023-07-24,95.2201469554669,95.75656417591554,95.23985373619112,95.29860981029063,398149
2023-07-25,97.71595560679494,98.70254887597382,97.44217570700654,97.6721319856475,2928822
2023-07-26,98.0125487007957,98.61230045477822,98.01973935193033,98.23590205663152,3311239
2023-07-27,98.20093911773048,98.14028343751752,96.97716118851352,97.9445314693565,517339
2023-07-28,99.78109238054185,100.6134470934538,98.98289474064401,99.74386913667888,2574363
2023-07-31,96.44824554418567,96.94870398607935,96.39267083538797,96.577554625342,565912
2023-08-01,93.70027975974399,93.99267003345288,93.26532364386155,93.73154775413451,2319827
2023-08-02,94.7856259686348,95.5045404117107,94.45473747541122,94.88564231143631,3240132
2023-08-03,95.24945889285155,95.35198687205337,94.85848576838217,95.00024096512291,3624339
2023-08-04,95.34782876474384,95.8676827186649,95.20548919780354,95.38641067719863,3597539
2023-08-07,93.56448373987125,94.17093510458461,93.09351610638384,93.53541933944342,3815453
2023-08-08,93.6382047355238,94.03279621249916,93.17285188634843,93.53088245197051,1282056
2023-08-09,96.27047566804973,96.60909865202362,95.96631871900811,96.41331519616081,4246678
2023-08-10,97.67978753833086,98.14408504038293,96.77743840031941,97.64195919475485,1813397
2023-08-11,97.97395024976304,98.02651841069446,97.68504547666319,97.9202046755124,1936535
2023-08-14,97.00418310291691,97.44156457446202,96.87000252194973,97.30662744061772,3959164
2023-08-15,96.8103367194857,97.00079700861346,96.59745328251321,96.76143417015794,1702484
2023-08-16,93.73943928772374,94.00767971402956,92.61016601097236,93.74801949363646,466883
2023-08-17,94.16372705796763,94.41367025336088,94.09104716096076,94.13925719756658,3600276
2023-08-18,95.37615971466482,95.66518635093425,94.67228958514326,95.36936374845256,3344299
2023-08-21,93.21804396375747,93.37575897468065,92.82486886795317,93.16975037902043,2950843
2023-08-22,92.52445285001507,92.30574827723005,92.25822109153431,92.27763909895432,802075
2023-08-23,90.50255457976525,90.91675969773493,90.43553217137374,90.7165562808294,3195827
2023-08-24,89.37804519584785,89.50701736638362,89.26156516436313,89.4392488916352,1072203
2023-08-25,89.65726060883009,89.78422814689132,89.19478125514627,89.53788536406682,2822062
2023-08-28,86.89123750907693,87.70264197007401,86.45637942231194,86.80774133242532,2588828
2023-08-29,87.71809876247511,88.04921902879049,87.20452213460088,87.63757638393066,3886195
2023-08-30,89.14905388857419,89.09344542893051,88.13256609859872,88.66078525218593,4885246
2023-08-31,88.46249392167809,89.7183828858094,87.6859518540836,88.35397129673785,1031200
2023-09-01,85.34482725228102,85.37189857395586,84.38418005767289,85.15222351626163,662078
2023-09-04,83.8626136036127,84.11749122366697,83.85766660742482,83.91414898460381,2822989
2023-09-05,85.33630421376144,85.80709228392207,85.37305717661344,85.50610435187089,4764724
2023-09-06,81.98932227110294,82.45477840253928,81.48671350238824,82.04089603817242,874698
2023-09-07,81.75507697004078,81.8200278302368,81.34775907095391,81.6388297795645,2488201
2023-09-08,80.29588040814363,80.43365164275886,79.8364854461397,80.23060032210223,2095534
2023-09-11,81.2946106320665,81.49212464074743,80.80929267119403,81.22909914094429,1658399
2023-09-12,80.40031200256794,80.50484197026806,80.23695197474427,80.43479349554586,3353569
2023-09-13,80.8874160863083,81.00387768818209,80.87618309786639,80.94793318513251,1547870
2023-09-14,81.6325659509892,82.1059592091059,81.65114932729472,81.66194093430937,2516050
2023-09-15,84.08930121725989,84.33001987135638,83.5173457780482,83.96763623513837,4242477
2023-09-18,83.87833493919759,83.80524464589989,83.41973456201188,83.73753405590128,1959998
2023-09-19,84.06694678982494,84.518661395159,83.67635213298246,84.23647128147445,203401
2023-09-20,82.53113943785021,82.87326139534079,81.60965103873414,82.40549700285746,4436353
2023-09-21,83.8061219626192,84.24003962060658,83.80901308712967,83.91533294007937,1445065
2023-09-22,83.06621995000611,83.65489317944113,82.70013443472195,82.98838984430726,3886846
2023-09-25,82.28636330129433,82.44685874012902,81.68964053421752,82.31796776089277,3837613
2023-09-26,82.57296867018484,82.38331448454603,82.04565299587264,82.31519229912409,2678824
2023-09-27,80.36477216614264,80.74523960218326,80.09401572506043,80.4320253444508,530304
2023-09-28,80.76156182758476,81.10009704309032,80.72396342524334,80.73272218732411,4755260
2023-09-29,82.03684023915024,82.05374751187146,81.27052397183296,81.93743486447671,3436279
2023-10-02,82.1790601446358,82.56385042058157,81.49042622135939,82.32295389288169,2179389
2023-10-03,80.39651148420604,80.43401373084401,80.08085100114558,80.40822809766863,4284069
2023-10-04,80.24031417619601,80.55361328344112,80.07175041683209,80.28311870807195,3961557
2023-10-05,81.12260475807362,81.31213554094356,80.97916544574058,81.20605428932973,3825487
2023-10-06,78.90464831879312,78.98160083647163,78.82103979128388,78.97410177693872,922887
2023-10-09,77.9073299349739,77.74792511842631,77.57937395207105,77.7344462569423,3200928
2023-10-10,78.69257602630431,79.5296840736597,78.66723729183664,78.78689193041318,1500383
2023-10-11,79.22011494029886,79.28773991592348,78.46278356738051,79.13047469104974,484573
2023-10-12,79.69498292828973,79.66725363147077,79.20584215393528,79.64487117147381,1756619
2023-10-13,81.6933165463454,82.0374561754742,81.48795320723517,81.92220392619615,609754
2023-10-16,82.61044754950748,82.62660425511247,82.19642543236212,82.52475888405526,618521
2023-10-17,83.1324938218855,83.57159262023661,82.99620015221826,83.36817786325177,3662493
2023-10-18,86.96304465963814,87.32249857431492,86.71715940996943,86.85394015952187,2558843
2023-10-19,86.51396902994213,87.30677353017465,86.11189943673203,86.60181646512426,2049576
2023-10-20,85.59863045039921,85.7462098161917,85.51670497174649,85.59719802353139,1042074
2023-10-23,85.95101828778334,86.50331936765691,86.08770945649928,86.17408506874709,3877681
2023-10-24,86.79066721783983,87.50156919843737,86.71682926488579,86.76942912913044,3207510
2023-10-25,86.27206197871618,86.44917286446874,85.24343870215631,86.11241809482526,2969373
2023-10-26,84.67771312654814,85.43724902626866,84.78050323603684,84.81459802334108,1031452
2023-10-27,87.72441639143213,87.93311798378976,87.53760684054258,87.83107266435717,705385
2023-10-30,88.36949419615634,88.40250817090273,87.7654651063806,88.28921792690852,705180
2023-10-31,87.43472273166934,87.42849626437386,86.72461834393953,87.35093251602467,222703
2023-11-01,88.15462889420084,88.82477069384669,88.36256843044568,88.58589680647539,4848524
2023-11-02,88.82411693023487,88.87316615521328,88.45432551204283,88.46752092093061,1901928
2023-11-03,88.25221691424069,88.18764999227002,87.91006083717491,88.15902339639592,3325377
2023-11-06,89.05634217934674,89.11928646028109,88.80068956439544,88.93238490187761,4912994
2023-11-07,87.2267460517314,87.61200073599915,86.81927148405515,87.25179437480465,4688609
2023-11-08,87.41526516604938,88.09431770484157,87.37805232546982,87.74084573801612,1670853
2023-11-09,90.44395629185016,90.47794811961799,90.31989116012353,90.32207170305841,2500450
2023-11-10,90.88032276024994,92.21317744537413,90.58827075454238,90.98316795484715,2368899
2023-11-13,90.59677464008044,90.77953116083759,89.62230053057915,90.49832482579394,263672
2023-11-14,89.80018749285071,90.07506731367937,89.81364125722364,89.8395014509894,3864640
2023-11-15,89.35754015174855,89.7703402177849,89.1233083333851,89.31501916833136,2914418
2023-11-16,88.86417017261834,89.07582198353958,88.94256711167935,89.00212281886307,1920120
2023-11-17,88.67876060584553,88.55048234810103,88.30368415616293,88.52571930003423,2835811
2023-11-20,89.56442582309684,90.79194227418147,89.71602777319235,89.77780594869269,3703728
2023-11-21,87.89305068199396,87.59436051074489,86.65848805565676,87.50007569261356,173380
2023-11-22,89.06225053149412,89.07694446051947,88.52178977169274,88.66539333950465,3265628
2023-11-23,88.4762753234081,88.40246573546149,88.05967780672799,88.18830530438119,4320086
2023-11-24,88.9412721005396,89.28356089223654,87.83014467298725,88.71496395604026,3659386
2023-11-27,87.23927652907251,87.26712185639687,87.0140755178443,87.2540308991961,3137856
2023-11-28,89.24483978120986,89.16316811073467,88.22924066725754,89.03710789140989,543667
2023-11-29,90.72612728694953,90.88110484077022,90.74116694343775,90.74358208688183,3748986
2023-11-30,91.80068282551488,92.14421460931324,91.2663541385639,92.08679974313526,3778281
2023-12-01,90.31577844095645,90.15994807357673,89.70730714612054,90.04506669778326,2520213
2023-12-04,91.40518508255789,91.89982382003735,91.05924878374178,91.1992891054711,2955035
2023-12-05,91.77658945633627,92.46025024382972,91.75222352122117,91.78234220974304,3130171
2023-12-06,89.40597229836416,89.88724406860892,89.34593761236812,89.62558801734997,693506
2023-12-07,89.51474048280652,89.62352107849966,89.5858487484738,89.61981087034067,1361602
2023-12-08,89.80992349937506,90.4123651666932,89.73380030793764,90.13823319018279,3982283
2023-12-11,91.09235874125845,91.20472720590564,90.91454379624598,90.92050428583661,4871413
2023-12-12,90.89751797468963,91.31723991647915,91.04556518121461,91.18992923715692,1423467
2023-12-13,91.66919903597072,92.05869820065207,91.50176280527849,91.61664207363891,2063528
2023-12-14,93.53430768936548,93.8226805534511,93.22746540941115,93.69240300366886,4584936
2023-12-15,95.18764282566461,95.56783206327604,94.87525938953807,95.46002913050509,895400
2023-12-18,91.51275752146422,91.61773789502148,91.16403478145223,91.46915324435689,1379792
2023-12-19,91.00117262235452,91.91720995692464,90.75755085658729,91.06196547855862,373985
2023-12-20,91.01692000478772,91.16849746157487,90.69224509898842,90.86459657495173,1250370
2023-12-21,88.30975176070501,88.56673148345381,87.85801042731423,88.53420460915555,3217242
2023-12-22,88.55164476483019,88.87492721464302,88.1778048173899,88.68597113440649,1806301
2023-12-25,89.95831173261348,90.4005354501629,89.82417515878525,90.38994944967227,4918561
2023-12-26,88.56673190330073,89.1780138663604,88.83789570059604,88.95535055301231,4468620
2023-12-27,89.75381308039292,90.12494778138782,89.0160510182805,89.4321805438693,4489393
2023-12-28,88.60619395462624,88.46386318472122,88.12046234140806,88.23848684213368,3659219
2023-12-29,87.39604076391629,87.8489356661927,86.67887055135994,87.37983596271246,3540312
2024-01-01,89.21743091454177,90.13616150137696,88.7290220805543,89.36467329156864,2597370
2024-01-02,88.61401317764071,89.01969031629027,87.94923913731935,88.66693828255457,4953929
2024-01-03,89.46664682907571,89.77818993362915,88.94061456707752,89.3106079428612,567292
2024-01-04,86.77535835522961,87.1182751569165,86.7399370951843,86.86472287454271,3641858
2024-01-05,89.39474657335707,89.62082494932154,89.07495102384352,89.35228031755537,787254
2024-01-08,90.18841993480112,90.59832851320063,89.99345194111743,90.19072088957833,1762330
2024-01-09,89.86879547315108,90.08821427644392,89.44226009950329,89.97114893206002,1352540
2024-01-10,90.68294568682965,91.62192186014946,89.97822849317454,90.77847964178902,3045968
2024-01-11,88.95774017478718,89.12533235866562,88.37733567541434,88.90558444773133,3957333
2024-01-12,90.34694752590524,90.70439761002474,90.38255051105008,90.52381079956659,490856
2024-01-15,90.19339498379883,90.48366647348278,89.78240051766696,90.1119825299966,3048099
2024-01-16,89.7787671650827,90.18390727104318,89.26888430401233,89.86352265813376,1186244
2024-01-17,89.25272678851894,89.69928184944204,89.22778538984966,89.22999682014144,477292
2024-01-18,88.72765311088217,89.15330237976943,88.37821008716561,88.48273951240773,2145947
2024-01-19,89.40629715984164,89.9942987189379,88.91955117868157,89.43638213589992,2948204
2024-01-22,89.97250105715584,90.12595483309862,89.09545367115743,89.80729078546513,1088910
2024-01-23,90.3916485124089,91.47477713821112,90.7028345639395,90.7167834253656,2010040
2024-01-24,90.64667836841186,90.95588278833306,90.23970433502292,90.73203235275422,4772154
2024-01-25,91.46568145070003,91.47906531172681,91.22945171449032,91.46061661398642,1799097
2024-01-26,91.26478537292812,91.91294227693584,90.56176243886497,90.91506590202523,4978427
2024-01-29,93.66682765867425,94.98634603148165,93.43023947731844,94.03543756217474,4187686
2024-01-30,91.85950700564727,91.93663490884762,91.63140098498356,91.87718598839736,1917586
2024-01-31,93.93245425479985,93.82726850954951,93.22537024263588,93.65958849810667,2926359
2024-02-01,95.47974658193951,96.15864389190175,94.97917506947306,95.62988941102164,3575222
2024-02-02,94.40341719524247,94.47456540131337,93.66764877087158,94.44361973059398,2376749
2024-02-05,97.74923785643517,97.74065909947483,97.38534358013364,97.68442639150147,2098076
2024-02-06,99.22038104648098,99.65213421587642,98.7084366855078,99.18378053468255,1715708
2024-02-07,100.98462032532169,100.73812839934928,100.53914095875277,100.6693700704439,783595
2024-02-08,100.83227186200251,101.36066562869863,100.13203342026408,100.74191164410433,222154
2024-02-09,100.71105244330501,100.448332731749,99.97074521858744,100.4443179575202,1750941
2024-02-12,100.08723095787481,100.21710675114049,99.55863725548461,100.15934736210093,3999121
2024-02-13,100.62877007890323,101.31432387301666,100.68815793053912,100.77802745936191,1243521
2024-02-14,102.90297933654331,103.45310527534906,102.928801746656,102.94945549617177,980765
2024-02-15,103.02142335385058,104.71391370939948,102.8913680169973,103.2608031866451,1707583
2024-02-16,101.98775524850006,102.08039945351312,101.56999096066045,101.8892259835384,3034587
2024-02-19,103.10836835815189,103.38448939588014,102.8348002196223,103.18800434290154,1153606
2024-02-20,104.51445521868688,104.92983721681064,104.60330741345135,104.65506744395736,1179934
2024-02-21,105.8249785015388,106.71179267162805,105.18756691858442,105.71954262355774,650491
2024-02-22,106.69584272813589,107.36421725745383,105.71735691877255,106.9404617148702,1727827
2024-02-23,106.70287934509889,107.39370564154585,105.73567727537547,106.53870273246552,1165399
2024-02-26,104.99538059777649,105.83341829565366,104.93021741424013,105.0959232166816,4172908
2024-02-27,104.00782078087632,103.94413777162391,103.20353438003701,103.76726823762112,4538209
2024-02-28,101.20345064706068,101.33727087138189,100.76706460604531,101.28300593199175,1915481
2024-02-29,101.80262482683767,102.32446225412822,101.19699861137433,101.67412709933186,517586
2024-03-01,101.61388559836357,101.84465781969152,101.23476155586935,101.57740663784838,528528
2024-03-04,101.08967733474155,101.2682461426703,100.64209564266754,100.93949916961338,1691307
2024-03-05,96.6123815578449,96.639519264673,96.55434105369098,96.59114176615255,2371000
2024-03-06,94.51371288954388,94.9638945415612,94.67594731671896,94.82919014855932,2689404
2024-03-07,96.66055798714649,97.39442032093146,96.23262605127006,96.46592957412378,1590261
2024-03-08,95.52090397952843,96.48456055497466,95.5349029323745,95.53765802164867,1837112
2024-03-11,96.23635111877296,96.10697640164503,95.44571996099866,96.08463039780145,1490058
2024-03-12,94.25921837708778,94.15938445565438,93.78674366992789,94.12927357817266,2636274
2024-03-13,96.06277465032518,96.39122247421047,96.18609861261764,96.21157479476788,3514812
2024-03-14,95.85704711245361,96.56381186120356,95.47492482503935,96.03274774522099,312758
2024-03-15,96.60685617190028,96.63906992997138,96.13898373264318,96.48039832943023,2445694
2024-03-18,99.8750471740459,100.14619104542038,99.1350360610783,99.93565795660359,3277991
2024-03-19,102.45710948168895,102.76596235038666,102.2481820693544,102.26558051393917,3395507
2024-03-20,101.79064563399848,102.10100368652928,101.16712248296703,101.82693694634386,2861046
2024-03-21,101.16178839905017,100.97420924705249,100.87391173209377,100.95515142095421,2673194
2024-03-22,100.57859367687895,101.2880723592781,100.39318736608398,100.493514965841,3436734
2024-03-25,101.35380908177818,101.65212441098583,100.85465691608255,101.29546795828107,1954035
2024-03-26,101.09038393606522,102.14780770433515,100.27692688839473,101.16605841362343,2879563
2024-03-27,100.64499202044152,100.960998381959,100.08034742297755,100.59822840802613,1665372
2024-03-28,103.1129748319851,103.61942171881049,102.49446543012276,102.86756312806932,2245727
2024-03-29,102.71116038944541,103.15686644417629,102.42952254782932,102.72229866251928,708018
2024-04-01,106.472298041288,106.48498378419599,105.37228197445091,106.35930734946409,1815693
2024-04-02,106.54600975567622,107.03853475892518,105.8571819142849,106.53613170929744,796201
2024-04-03,109.4878019615409,109.58518019332811,109.1189009887587,109.46052351403914,1209532
2024-04-04,110.46123606632023,110.50683589838006,109.58685884510727,110.0818037369135,2155373
2024-04-05,111.98542677095733,111.77379504264758,111.40516404959818,111.71691961640082,2550331
2024-04-08,110.55993781782725,111.32316636765727,110.45332795619088,110.54238284395,4715752
2024-04-09,109.21532916747928,109.88630471610078,108.58819412154932,109.16850590274984,227657
2024-04-10,109.80251964296401,110.71621292979295,109.8798593254207,109.95687061125363,4502955
2024-04-11,111.59435868443849,111.90728892103503,111.0886346763843,111.63297734184845,1708380
2024-04-12,111.80306260178129,112.88695730198414,111.46232194733693,111.73392214516961,3648409
2024-04-15,109.81797598948006,110.37830944309954,109.18922567080018,109.63146795650363,3421574
2024-04-16,107.61046425624554,108.46807040377271,106.65604606715038,107.44945749840645,4857151
2024-04-17,104.97188427581712,105.95280759305037,105.0097245028347,105.20528410406,632713
2024-04-18,102.68348085197096,102.96305886260924,102.00946480139179,102.48323215596994,4839213
2024-04-19,102.66424575753311,103.47585288879279,102.52991897219722,102.68247676007229,408167
2024-04-22,104.25514397093656,104.61971311690814,104.21154149276168,104.46134886760605,4398802
2024-04-23,104.75089499448725,105.0439215728409,104.22423985517749,104.47166631377563,3295675
2024-04-24,101.31474531159564,101.2971285451922,100.82390131392619,101.01910703640446,2461379
2024-04-25,100.81383775301768,101.42021368347655,100.62507037349857,100.76068709869597,2049096
2024-04-26,100.68762164179456,100.85212583425235,100.01160188648254,100.54509020850901,558624
2024-04-29,103.94687887401714,104.89680551100832,103.33006549040519,103.78757548864463,4028942
2024-04-30,101.85771143095644,101.6873275352148,101.25145681712407,101.57416265559662,3666962
2024-05-01,101.15804664993016,101.585691380696,100.56313376484442,101.01096084729708,4692825
2024-05-02,103.38479656212711,103.66958676344638,103.14918718288304,103.66005303663792,3679054
2024-05-03,104.81302598878278,104.65383358932279,104.04336608622671,104.39340464160244,4789498
2024-05-06,105.53527332797243,105.77911184923735,105.03030875937846,105.3108229200094,4445350
2024-05-07,105.41610193138953,106.03793240134553,105.51492719355132,105.52363562454772,2185404
2024-05-08,105.86055846744208,106.77384018079319,105.32746142175264,106.079001666976,3548233
2024-05-09,107.46415775552717,107.8250970046366,106.92232642523506,107.35576848799897,1395203
2024-05-10,106.03288569889202,106.66555367062179,105.6697500185964,106.09192798679621,3996635
2024-05-13,107.60171810558779,107.92479984050338,106.50448052771262,107.53074881054879,3082207
2024-05-14,105.52706985750324,105.51029800430224,104.9995634479353,105.37040369954624,2257597
2024-05-15,105.80246210631404,105.96986500990641,105.40032842996068,105.92245994269645,3178145
2024-05-16,106.0015503352743,106.3647288736276,105.85511140620893,106.23869805533819,1458216
2024-05-17,105.37394179109661,105.93096167813812,105.15870855152592,105.29269405929647,3149490
2024-05-20,105.17613388229734,105.79136940131555,104.04891808761558,105.28845304660925,2426577
2024-05-21,104.37162027541181,104.48826122826743,104.23291619005728,104.34113267588683,1676715
2024-05-22,102.43207181169043,102.83200794612776,102.42835370095243,102.70801258888744,4880091
2024-05-23,102.14377906906645,102.93154440212227,101.79483994659533,102.19532285896074,412383
2024-05-24,100.69085336324875,100.56809365848493,100.36990701353174,100.54708071226119,3812725
2024-05-27,101.18789912734451,101.5725052502061,100.76187318946644,101.06542147879844,1129023
2024-05-28,99.20999863320485,99.90291167066002,99.07355942043814,99.3666716484713,1190348
2024-05-29,100.2289585934806,100.57995490616028,100.10038650692626,100.46369490381292,856655
2024-05-30,98.73166921621376,99.02212109439839,98.34916948114767,98.72855656354315,601804
2024-05-31,98.03271449014642,98.04207342770876,97.68144696900347,97.92283864203559,707111
2024-06-03,97.11742163741405,97.68027854174555,95.95905351680236,97.03878622978452,4180103
2024-06-04,98.91521933544084,99.33143940086606,98.47667658121733,99.01664403343553,4638788
2024-06-05,99.5975711545224,100.13077482247728,99.16876056849382,99.53828128826089,2965415
2024-06-06,99.55064458935641,99.33257832051977,99.21561389517427,99.25241975763588,167853
2024-06-07,100.06873466711193,100.85197866497245,99.55487211839159,100.02769436694562,4336039
2024-06-10,96.62790433392955,97.0324007392217,96.69567206096423,96.94455393020951,3049102
2024-06-11,96.95030429650427,97.12786200973473,96.3171800171991,96.91091963323404,2652271
2024-06-12,100.29687079754807,100.16117024949472,99.80307347911264,99.88853506237814,4742621
2024-06-13,99.8592815472847,100.63597930747356,99.9039546462986,100.1170611167203,2108008
2024-06-14,100.25513207239183,100.50516257294683,100.04748836113916,100.24917232689971,1864260
2024-06-17,101.06137063961141,101.81177231731328,101.10088990233837,101.10713889574063,3921108
2024-06-18,102.52498879010811,102.82598079392848,101.71549076713515,102.50533176100667,2682780
2024-06-19,99.54812970807356,100.04469296152513,99.20101354838894,99.50946985051826,3612715
2024-06-20,97.28017971637783,97.23202273243213,96.8612272138448,97.05889088316752,3509339
2024-06-21,97.41126278928546,97.54302059230241,97.19835366902885,97.3947478956759,4213266
2024-06-24,96.631077197527,96.60002064538276,96.34872495865005,96.38486022972907,1654131
2024-06-25,98.30689603566739,98.35957856945954,97.6291665460398,98.3300342055733,452943
2024-06-26,97.82707526770345,97.90178588914024,97.49812563944882,97.895628987143,2440494
2024-06-27,94.99693969980399,95.43664761076548,94.6545663149699,95.1242507595692,3273007
2024-06-28,93.02078262825918,93.69960488406954,93.04339067294676,93.36006937044075,4103803
2024-07-01,89.66405835159593,89.63270391342273,89.32772795343244,89.61463025307512,1408568
2024-07-02,89.69421672350981,89.46673059820965,88.96724129189019,89.32726028671519,3752242
2024-07-03,89.1835849127417,89.80832715540805,88.72374764459022,89.10192558594576,4177766
2024-07-04,88.6846267948632,88.97057755351776,88.4919688334143,88.56298600223583,4061402
2024-07-05,89.96050913704086,90.7408500161203,89.40015859986063,90.03488359157556,4059548
2024-07-08,91.65084572622396,91.87204162697353,91.48695378812728,91.69565434660709,4937966
2024-07-09,91.66920581132823,92.09450710828854,91.38978986359811,91.48903800623097,3339628
2024-07-10,88.98858437089736,89.31514063761796,88.53161503714712,88.63251323956294,1914604
2024-07-11,89.75012833177377,89.53401803926909,89.46707653215978,89.48383376031207,2238764
2024-07-12,90.40481939141841,90.96401675228256,89.93493617842368,90.25945750454302,3760747
2024-07-15,90.71289837866453,90.79122250903447,90.42980752646372,90.70652160508669,1259019
2024-07-16,92.11804051286084,92.68115771837519,92.05941437544902,92.07941892133574,3053644
2024-07-17,90.37528925065114,90.67096094215486,90.43636386279103,90.5116916950232,2906384
2024-07-18,93.03816874954444,93.52827938069116,93.14179945407183,93.30842119963512,3366363
2024-07-19,91.79545687028042,92.61724415953192,91.47166855223226,92.00279406480351,2164223
2024-07-22,93.07977171605887,93.50678053193703,92.6543450392641,93.07050188764491,3725382
2024-07-23,90.71864649143085,90.92366741140056,89.76865414510085,90.77165573349298,450020
2024-07-24,89.27753554891032,89.92709463142793,89.28784813917935,89.54068518306467,3773683
2024-07-25,91.62131903865016,92.00116326558552,91.07279592097895,91.62815878365397,4078252
2024-07-26,91.2395142805088,91.37847912037223,91.23714164604826,91.29765816633457,4440151
2024-07-29,92.26598280974358,92.64569108770695,92.31136941170759,92.48291978294509,4621676
2024-07-30,92.77133250377585,92.91156970982014,92.56045500157846,92.84006739236227,1811676
2024-07-31,92.66231123461034,92.90938078667779,92.16363667609852,92.7218299337086,327290
2024-08-01,94.54989215113116,94.79273666882547,94.63579892806413,94.66664208597547,3302058
2024-08-02,94.53436625665331,94.66571073919694,93.57145200570608,94.35948601574454,542084
2024-08-05,91.55021982225313,92.63769242457884,91.11224566246159,91.89997302671085,1473423
2024-08-06,90.46586785147214,91.30295865471645,90.37821859927077,90.82659457113027,3542133
2024-08-07,91.60873083707988,91.95663580587475,91.45354325325233,91.60812882794966,3013386
2024-08-08,92.19859417637936,92.44287045896316,91.71761408321397,92.18087200009715,3072566
2024-08-09,90.13917609294045,90.4008156372844,89.7427455345779,90.06636371801842,3780758
2024-08-12,89.02374278656914,89.64770356617255,89.04939511024065,89.11980921903303,907146
2024-08-13,88.20981873783123,88.82885569745515,88.1243811846318,88.37205636631843,3975905
2024-08-14,87.91400659582646,88.66437508513889,87.63710990695665,87.91529299572541,2974028
2024-08-15,86.06919114665061,86.54449215154355,86.07078403357055,86.14527088282158,2158610
2024-08-16,85.62752985932579,85.47058782672133,85.29266217578876,85.36272250352822,2371938
2024-08-19,84.40542516479437,84.54953009291926,84.35619028086566,84.46019375749465,2592729
2024-08-20,85.45987491200022,85.64407133772598,85.25797642172746,85.46896627187677,2796763
2024-08-21,86.9670040852222,86.7900463722545,86.28795229760311,86.53856581404047,1735864
2024-08-22,86.34176297750001,86.73228661066952,85.79527425275448,86.37540796557867,1192876
2024-08-23,85.99026600825246,86.20296834305017,85.1969218133957,85.89472412723698,928278
2024-08-26,86.21231709231657,86.1498278832912,85.0293846567631,86.10102128775162,1769461
2024-08-27,85.20280713026156,85.61266960702308,84.88802514520187,85.07835423399838,1376535
2024-08-28,83.70083655719371,83.72345599046952,83.09862833821948,83.65240394586698,2629074
2024-08-29,82.5376417971125,83.07547252897075,82.18669102219079,82.50565587335679,4569471
2024-08-30,81.76467448077089,82.43356379418039,81.54017276858555,81.74827017150474,629676
2024-09-02,80.26550007587947,80.64629528791976,79.81922427264779,80.3580715943467,1613950
2024-09-03,80.63028003143174,81.05739726151911,80.08916041863894,80.57782083988135,340843
2024-09-04,81.8197170365825,81.68898757703502,81.43843317853339,81.4890920219309,4876320
2024-09-05,79.78863961409367,79.93453419528905,79.51793200626348,79.5959089600827,3533752
2024-09-06,79.69822213716526,79.93882062094734,79.30549057414363,79.6498081128608,1283242
2024-09-09,79.54721833529057,79.7229644091486,79.27486419686706,79.4112932331804,2129787
2024-09-10,79.7042856063406,79.98810118850984,79.2187820561424,79.8430809712587,3643048
2024-09-11,79.8099336842889,79.88044946002339,79.60352037331366,79.85153827679419,4792835
2024-09-12,78.30089669501821,78.39047050675445,77.71321311776954,78.15274256529207,2912126
2024-09-13,76.9379482573249,77.43773885140516,76.67810983048112,76.7097876979618,1427461
2024-09-16,76.6483241928599,76.89704371354813,76.61113318534485,76.76667786307748,3514663
2024-09-17,77.90847444566124,78.05644427959484,77.79888526935352,77.98389864908111,3460159
2024-09-18,75.78821681805088,75.66937851114933,75.13990203143186,75.45900791147452,3255393
2024-09-19,75.88871340900347,76.38153059587624,75.48471028236956,75.87410593647837,325243
2024-09-20,77.54511428380108,77.51253692377188,77.11366000432946,77.26335615281658,3563068
2024-09-23,77.14124074288054,77.90146255657415,76.92027948666706,77.10933948067678,196160
2024-09-24,77.80997876399819,77.80219304734763,77.18757690621591,77.77168705224729,4537180
2024-09-25,76.93187120095864,77.0026385517391,76.57290087487097,76.97890390833072,4421597
2024-09-26,77.00915044971877,76.98300903241952,76.65209742296723,76.86425285626275,2861000
2024-09-27,75.24421984424683,75.80298074267432,74.98118644285005,75.04044338545957,3265711
2024-09-30,72.31921878509746,72.84014524282392,72.2647536850217,72.4692304152903,432459
2024-10-01,73.47156062452737,73.59808965183855,73.23549308734616,73.5233873414666,4384685
2024-10-02,72.59943294777061,72.75655041124928,72.39890619341664,72.4668073095727,1427044
2024-10-03,71.97627697675166,72.19183850190144,71.63764401383915,71.99493066714227,1384317
2024-10-04,70.46469591444388,70.55178619644667,70.51110131450217,70.53429710889735,3570273
2024-10-07,69.21838998094967,69.54427196058296,69.0200797436874,69.0789138300398,4700531
2024-10-08,69.07179280124065,69.54031208881719,68.597603481529,68.91969348794649,2520965
2024-10-09,68.12870369003093,68.34282002389833,68.05598445980665,68.19002590164975,2586826
2024-10-10,68.62744408175085,68.72747691692929,68.44013880151353,68.59830811271136,2787904
2024-10-11,68.91928742900495,69.94733554527576,68.97562666857023,69.08626545008411,1526582
2024-10-14,69.31602530302972,69.58883814153731,69.37503916425797,69.44039039105247,3023244
2024-10-15,69.7275847754821,69.90934379511508,69.46063443855,69.71027359087711,4808824
2024-10-16,71.40565292764408,72.03483299728512,71.29805098670577,71.40116796501363,1974883
2024-10-17,70.1520266547036,70.77858816900806,70.1708728460069,70.28794612399189,3888120
2024-10-18,70.1505273280498,70.59122497528281,69.65756358685198,70.25112327294202,3892088
2024-10-21,71.3241004076262,72.34043096919443,70.99667991228974,71.47635137886826,4269082
2024-10-22,72.93323604839709,73.37316985325813,72.63635324226853,72.86691842944867,3645320
2024-10-23,71.06999563838693,71.87098895296246,71.21576126634262,71.35078082451672,4615095
2024-10-24,70.89484706753538,71.06348069963632,71.00732663971917,71.03856906530939,3600067
2024-10-25,72.25213890456244,72.81465010267294,72.06505042265476,72.52234869763285,4883164
2024-10-28,73.16035303881254,73.70134805893738,73.02008301937435,73.09909298664307,3605019
2024-10-29,73.07109869187968,73.87382007849072,73.2983263367383,73.33550745126504,4200851
2024-10-30,73.12300991101922,73.40591405039214,73.0344825195528,73.1183699364666,4462754
2024-10-31,72.9589025389166,72.73459647071651,72.54972421833506,72.72044869477459,4918684
2024-11-01,73.30194810088922,73.29308590355359,72.7208844109036,73.05743451388918,3017424
2024-11-04,72.54027614189765,73.08188058715665,72.55127268943778,72.8032279427024,3580097
2024-11-05,72.82201082145977,72.98942928933785,72.53000882308115,72.77857517021215,4838653
2024-11-06,72.74212800379922,73.05518670624265,72.3575550823394,72.88629290696836,1963175
2024-11-07,71.99814815994159,72.83892653146602,71.89215617092991,72.17036628940218,684044
2024-11-08,72.75404438194057,73.0841121623569,72.62837582658982,72.77055892594511,4432958
2024-11-11,76.23180031642801,76.49806315969835,76.004225178958,76.04498954006574,3196598
2024-11-12,74.15584797710977,74.32675043687453,74.0289795090119,74.06701808774307,2199570
2024-11-13,74.34372084672562,74.57982455576037,74.43845212559714,74.45020562507854,3612940
2024-11-14,73.73198870922063,73.72592427939176,73.45415403542881,73.62816798602631,260007
2024-11-15,73.95754357196307,74.41285674458771,73.34928318523214,74.29091787480073,2438380
2024-11-18,74.2531383322226,74.59847344505155,74.29456779663309,74.36512414777667,1400810
2024-11-19,75.11841611261846,75.5747544073133,74.99312189279944,75.2423992657346,1512221
2024-11-20,76.61586114411318,77.00682680512921,75.95790866649236,76.60386180921964,4849654
2024-11-21,76.81716127386635,76.87287699726124,76.66201647051298,76.84833525656785,2795183
2024-11-22,78.16575293425909,78.97839759811302,77.70748341005874,78.18787558279212,788117
2024-11-25,75.48248354397442,75.52635335769047,75.35697739079649,75.50886929229762,1887263
2024-11-26,77.35859749348583,77.71331530337284,75.65752819793515,77.35513086336783,1288994
2024-11-27,77.89895351143022,78.29226440994182,77.55264782759336,77.81489304458238,4554707
2024-11-28,79.13055694654652,79.35643403265692,78.34823021901265,79.10693070827757,1527226
2024-11-29,77.65170360806118,77.97826471137637,76.92052046598626,77.69588954272955,1848282
2024-12-02,76.81838350323586,77.21364270471014,76.17359375692993,76.75670975102396,1737362
2024-12-03,77.07513799373086,77.19915773237491,75.88151866182658,76.94800088339728,960964
2024-12-04,76.86584592319106,77.0003815008194,76.59051813339015,76.95141988676087,3922883
2024-12-05,77.29285571470545,77.36830672751721,77.2986968370321,77.30203961918535,2924306
2024-12-06,78.77606331394756,79.10064784477503,77.66996542260499,78.59342687694627,2241192
2024-12-09,76.3938202858447,76.66358675635259,76.39189337300783,76.56268091355997,2040363
2024-12-10,77.99306838556767,78.23183971191347,77.26539869982908,77.71257228580588,3366755
2024-12-11,77.53732050680028,77.8378070830682,77.60409420822062,77.7455471793384,569900
2024-12-12,77.47796571745066,78.05332990038102,77.30480612800235,77.53151900328402,4665672
2024-12-13,75.71797888097964,76.45229236644252,75.70599261886021,75.86214578511277,2867727
2024-12-16,76.79425708281134,77.0961219130405,75.74807435217059,76.45968068373143,1215519
2024-12-17,73.6883510088403,73.79591865906424,73.50743935764079,73.76260783039885,2735447
2024-12-18,74.4312335911791,74.74704408444123,73.8540301534048,74.50586479816644,4275055
2024-12-19,72.82464909412388,72.97852926032228,72.46707660213586,72.8786884579524,948665
2024-12-20,72.97298563797536,73.49795020484062,72.2338679449563,72.9590354606728,2666854
2024-12-23,72.80273284713314,73.36895378645885,72.29878246448472,72.85058720004159,3028427
2024-12-24,74.14242134524304,74.30787990122717,73.84843782731738,74.16213168264963,4069170
2024-12-25,73.46362525922535,74.4916902556241,73.39656024308057,73.9858484446529,2880058
2024-12-26,73.24984064518101,73.26038294149384,73.22528503178577,73.24146770461594,3708406
2024-12-27,72.71141093463942,73.22851946381844,72.56579753986676,72.7088215377117,3890701
2024-12-30,74.2866266062926,74.22779011487575,73.6025006271436,74.13264290670736,4466533
2024-12-31,74.94954212667574,75.07273953052403,74.4633608601349,74.75382749406195,1871692
2025-01-01,74.3170558013884,74.61227084098229,74.1215208386056,74.34496610031026,3548957
2025-01-02,74.22495363711923,74.33492373651862,73.90087811722175,74.1039819867883,1318921
2025-01-03,72.24448879823318,72.529964028471,72.3415483672346,72.40400478072442,4237058
2025-01-06,72.96079439424805,72.93380886085728,72.1387888862891,72.84899415856667,4760977
2025-01-07,70.89116987096233,71.65214513954439,70.85452260504837,70.9724298679727,1541629
2025-01-08,71.6287285699725,72.12443355329181,71.79619723460551,71.79884839779554,2849965
2025-01-09,71.93238024954603,71.96063970439197,71.89837521745854,71.95908983428025,4129462
2025-01-10,74.81355366802076,74.61014309476805,74.46326053764284,74.60459032166084,232985
2025-01-13,73.4321573002671,73.55329065807712,73.31594012753868,73.40558366612603,3554597
2025-01-14,73.53405111148136,73.47205530904121,73.21772089371777,73.3146221851781,4121487
2025-01-15,75.22892521918416,75.46031456283129,75.23393474579304,75.34174688039492,4369009
2025-01-16,76.88407304513687,76.78805467758625,76.33888796415432,76.72328388960034,1064114
2025-01-17,75.8499374402224,76.54973779733251,75.91273432908504,75.9489992445733,3810111
2025-01-20,76.26179710906875,76.23108538325981,76.10639741658792,76.22744465140012,3951577
2025-01-21,76.28564838252535,76.67220798080334,76.18162298227904,76.25260312305066,113971
2025-01-22,76.70009916990499,77.26301927262477,76.35105562040143,76.59876027640163,3555295
2025-01-23,75.86094863325897,75.87481553644282,75.62469353041907,75.82292485889374,3168489
2025-01-24,75.63214692754023,75.92889618264002,75.53384918339998,75.74412469915715,4847187
2025-01-27,74.10249184433091,74.16706047327654,73.8294344775442,73.97225526319062,310752
2025-01-28,74.40136403937822,74.3548413080632,74.1341032310205,74.14457814402508,4831338
2025-01-29,74.58198326706594,75.39069156465888,74.55569475176293,74.66916749811077,2899959
2025-01-30,74.16399188971404,74.94376252556229,74.31508081816628,74.43721100434661,1444612
2025-01-31,72.74995897866191,73.39453234410126,72.4927359886045,72.67738050213909,1998643
2025-02-03,73.73632830004864,74.17154326656023,73.17802187458061,73.78520072375046,3855602
2025-02-04,74.1925554869022,74.43867301763589,74.06993721955479,74.21201430094429,4980635
2025-02-05,73.51191968869261,73.68244912668372,73.34522646367614,73.43023915745783,1652589
2025-02-06,73.0769956325501,73.17289796804958,72.83301976363659,73.14376014939242,4920210
2025-02-07,71.4986760039642,71.76364778550264,71.34704726823891,71.5371418071625,3183069
2025-02-10,70.45226368736755,70.66422265052334,69.79856975068614,70.466373805979,1040875
2025-02-11,70.12670340423018,69.96898660681802,69.7884116675481,69.92116957556577,3028955
2025-02-12,71.24715639671962,71.40255916141567,70.93114528609485,71.24287190681132,4028660
2025-02-13,70.40947300818019,70.9545366284547,70.23321951817708,70.583910354692,367263
2025-02-14,71.11589021983444,71.38183321857836,70.66836459648222,71.2863899392877,486679
2025-02-17,70.75400217692507,71.16320962346052,70.19225866540089,70.73430551329454,125390
2025-02-18,70.85875178552509,71.17097062492869,70.53231350555996,71.0191738726405,2894832
2025-02-19,70.6684671236663,71.8209276071613,70.6770363854822,70.88997041961534,383043
2025-02-20,71.9373122410871,72.33101234066173,71.52408887388731,71.8459908151524,4667317
2025-02-21,71.39092083648863,71.54938753912671,70.64766407170228,71.29332050844216,726916
2025-02-24,69.60094699677984,69.6820437538673,69.52973993811244,69.6522300578828,450895
2025-02-25,68.2838053883226,68.90526308228792,68.15192795709405,68.24372458075074,1362497
2025-02-26,67.74722451960326,68.16948237609752,67.23507620536084,67.72174466769393,3839605
2025-02-27,66.56477500973698,66.91110200901629,66.26563443009101,66.4846716995338,4544080
2025-02-28,66.99603037631124,67.17932960173405,66.17866143429376,66.91509657985367,1329917
2025-03-03,66.12275067112488,66.70155332468832,66.38649802895723,66.46915982732602,2641300
2025-03-04,68.86692799517573,68.95713543058419,68.76329153773673,68.90006878473991,3891427
2025-03-05,67.21703616206402,67.50405290755775,66.94207844160529,67.14748423544171,4004769
2025-03-06,67.31780105917647,67.78636464757165,66.75091916256696,67.37310853208804,849298
2025-03-07,66.26746563876169,66.27939060544324,66.17036537601919,66.26266787183897,4207727
2025-03-10,65.89258483007883,66.08708758030988,65.41726628050928,65.79380201813973,4349662
2025-03-11,65.96397562269392,66.19766415753101,65.75582559780993,65.95330105015145,3701221
2025-03-12,63.903725481806376,63.96043619886696,63.7051123436645,63.711581619752046,2683514
2025-03-13,64.10165540790254,64.12454122723875,63.639329384905345,63.95749696827542,2017787
2025-03-14,65.81351473686337,65.90552784079364,65.7544504247289,65.82912468568179,4458084
2025-03-17,65.376614595275,65.46091531610857,65.07131718935489,65.4025200325714,4332911
2025-03-18,65.30319409544259,65.87362884883463,65.53615594954351,65.67759898254599,2639285
2025-03-19,66.6715627133718,66.76250893828878,66.65950919416919,66.71512798507771,3736043
2025-03-20,66.39104772647539,66.66384373457298,66.3059530257631,66.57122526307167,2059488
2025-03-21,66.04262649112275,66.16869843500133,65.72719007556147,66.01341825455005,3741442
2025-03-24,63.83666277110916,64.03036363868158,62.81780500733729,63.81715122453046,537692
2025-03-25,64.54273657595604,64.500433211204,64.32965870069322,64.45303654301232,4517714
2025-03-26,64.54281252292537,64.38896545214162,63.53585616579365,64.36302465089503,2626186
2025-03-27,63.40841103609648,63.659616020863176,62.93349969168557,63.41174261672258,3033451
2025-03-28,63.8411823356009,63.82482311558325,63.47463857635582,63.55133533212912,1028017
2025-03-31,63.04555745274109,63.25860500955136,63.01376840575967,63.01626101085244,2690014
2025-04-01,62.37362690436224,62.6766300517718,62.392858356820454,62.537502225638484,115459
2025-04-02,63.05680606377375,63.27148062995295,62.80065077473927,63.12777075273076,4461796
2025-04-03,61.84549583369851,61.97854831471677,61.74543180943092,61.89163563962116,3769452
2025-04-04,62.96495655634148,62.905006967475856,62.84258702058947,62.89047823691528,2326862
2025-04-07,61.487455831261244,61.81867427422503,61.358588357709486,61.6041649093895,4195604
2025-04-08,60.97676133566193,61.29839173916733,61.00801214827222,61.013122213571016,4076696
2025-04-09,62.797233487958124,63.10367094274751,61.818710629170894,62.81746577261197,683479
2025-04-10,63.85065431715164,63.940133805325885,63.85956991753321,63.9079312646995,363847
2025-04-11,64.12466305110277,64.46474987914529,63.958257629223375,64.02076817900797,1342444
2025-04-14,63.2238372158108,63.214975788482135,62.602828382525196,63.142847498551944,106320
2025-04-15,62.808531265385035,62.860462465476985,62.49206230882823,62.66233163200327,2908350
2025-04-16,62.70852202007158,62.8385708922624,62.39007559909864,62.750065723813506,2688633
2025-04-17,62.955280531457355,62.88179822253969,62.38487117341665,62.80423288863024,2736092
2025-04-18,62.56635590443699,62.96829966333341,62.06070469489429,62.737503448206645,460698
2025-04-21,62.55313097756358,62.94727946101201,62.71717489009428,62.72731020302198,4599161
2025-04-22,62.39285345225912,63.43447738452044,62.11602321380262,62.544687145686076,4885060
2025-04-23,61.225883784930225,61.33948950234453,61.21178191577522,61.224755817666086,2993647
2025-04-24,60.91660653535883,60.7920402832895,60.66833612508165,60.770468372747686,126955
2025-04-25,61.554213346635414,61.76592614338675,61.055753007828436,61.62843149056398,2040274
2025-04-28,60.336936281883204,60.541884244294124,60.25794727308324,60.394515616463984,3618933
2025-04-29,60.21508111662224,60.70630417305314,60.041927713928445,60.241107438331035,3768761
2025-04-30,59.59094652829034,59.7230393548395,58.99248578802623,59.522753913444134,1292585
2025-05-01,59.583173325316515,59.78151574957998,59.30182621311595,59.6401446096391,4131236
2025-05-02,59.24799936764914,59.7820557613765,59.08420275887292,59.31127464703388,4841004
2025-05-05,60.49531382811875,60.88831131457193,60.31511011354516,60.658533234711165,2592493
2025-05-06,61.069647351555474,61.66181096470983,60.961174574593144,61.139556902373684,1969554
2025-05-07,60.10747300799757,60.15569187471094,59.77026253292836,59.96625705968863,2678030
2025-05-08,60.602265529117595,61.43943261657017,60.43349124599434,60.591246888660955,233688
2025-05-09,59.82058659449044,60.01907205945829,59.649087268419464,59.90923482967892,2664904
2025-05-12,59.557662167010584,59.90589856556121,58.8705125047167,59.41078160781136,231985
2025-05-13,59.639129343660386,59.977704851044095,59.26088048990235,59.709014386487745,270464
2025-05-14,59.45636479287038,59.50348176867422,59.06981000924659,59.28799216233593,2811529
2025-05-15,60.274125218362364,60.49588532278715,60.06638204599213,60.1053965104593,2602875
2025-05-16,59.435636987372305,59.51278305235629,59.313646653366064,59.42897955977444,4934888
2025-05-19,58.72092759714559,59.083510748026264,58.80183448042719,58.89744908612842,2587607
2025-05-20,58.60504391892966,58.389822899862246,58.012066419686604,58.33791453647119,4900890
2025-05-21,57.907209206070455,58.081625647361314,57.53011834373786,57.86239176829034,4054843
2025-05-22,58.80386154279946,58.90888724765461,58.58531352297748,58.84197784906788,1752637
2025-05-23,59.53104155940247,59.56499075322548,59.34654236618661,59.417420251150375,4638231
2025-05-26,61.06508319013933,61.04005433146916,60.72092971383793,60.97943114125638,2465247
2025-05-27,63.273697504442644,63.509558174719295,63.048835800106076,63.10823549224175,3015243
2025-05-28,62.076341785984106,62.28207792638115,62.0586724799109,62.158683118605836,592233
2025-05-29,62.282690833733206,62.799101845409716,61.18220222224718,62.243045323601855,1141688
2025-05-30,61.02778456554193,61.308711659755645,60.435357138380795,61.17287073815593,2658666
2025-06-02,60.56223386800498,60.71127616803033,60.310345279120895,60.48163188473426,1429066
2025-06-03,59.92792464878047,60.02148435239121,59.75217041504284,59.930674911756185,3038537
2025-06-04,59.03869129300877,59.179689982127414,58.43690173257852,59.005529093408484,491569
2025-06-05,58.08224954352512,58.11815068910496,57.99832770229311,58.09925516342213,1330202
2025-06-06,57.961933407710234,58.33021762399348,57.95261892757653,57.991043614993465,3359282
2025-06-09,56.86043918527662,57.22269825846811,56.82061795437966,56.959346946617764,3099360
2025-06-10,57.791939936391735,57.829436439275426,57.22411752816126,57.700723146423606,4919928
2025-06-11,57.09853055113844,57.192936957538535,56.89903275128385,56.92891607895816,4508494
2025-06-12,59.331062051188816,59.62005638143174,59.35279644649479,59.397191125003665,4072061
2025-06-13,59.079419956157295,59.143759270714234,58.65888606056369,59.01408658158373,104681
2025-06-16,59.14667817791504,59.49269042690336,58.922702048124926,59.09559787852983,3052088
2025-06-17,57.97677581535577,58.097691090727494,57.9600824877869,57.9758368605764,1221775
2025-06-18,59.31485807028721,59.6589643372179,59.16619036318341,59.496512313984425,1407885
2025-06-19,60.364646792393046,60.85218666524898,59.754024935878356,60.52219785722175,1128605
2025-06-20,60.715605513077605,61.09528070198093,60.71407987623065,60.810589458689854,2333926
2025-06-23,59.3572765741975,59.88247074516843,59.577496864477524,59.61229855056277,707042
2025-06-24,59.98736827190192,59.9564682057381,59.767880897460905,59.81891453212028,2705778
2025-06-25,58.88200805054561,58.85967454180354,58.453217574741096,58.83873766286663,913895
2025-06-26,60.158084969063815,60.72894301066604,59.98144624180471,60.16168998367456,2552236
2025-06-27,60.647814353099214,61.02889715761775,60.829881163849954,60.91464924649483,3166971
2025-06-30,60.79763355019745,61.585395815068885,60.55114401869847,61.02021955020659,980407
2025-07-01,58.84782999591395,59.126238355201835,58.49976366363379,58.84810556843235,603202
2025-07-02,58.232384650059615,58.395806098316996,57.85362104593919,58.0037928664529,4050666
2025-07-03,58.540952620873895,59.15776385819598,58.60646973612218,58.62286567056627,3718804
2025-07-04,59.8202468930138,60.08005714537317,59.18885745132081,59.7170799029205,1381130
2025-07-07,60.67885934665241,60.837186685228446,60.57438176985759,60.73715516064625,4446410
2025-07-08,59.328268733843935,59.334357164480274,59.05118465164884,59.32171495865581,1183700
2025-07-09,59.75334265735267,60.13941322427325,59.391562377243226,59.60853161613199,4640279
2025-07-10,60.49975389998484,60.690838339145635,60.12549514105316,60.541642860065636,655091
2025-07-11,58.99043094203618,59.21281502070745,58.73920722258801,59.07196264473499,3334861
2025-07-14,59.25024799816258,59.54019546929898,59.07436531643533,59.08268117729006,193922
2025-07-15,59.34907801628328,59.45487770023974,59.21236515496672,59.34367087959897,1067242
2025-07-16,59.22324034014168,59.30766232099172,58.76188696129518,59.09427239841042,2083019
2025-07-17,57.41353864299505,57.91695372343299,57.20678829286189,57.49233175642344,517953
2025-07-18,57.390311785844766,57.27830346426933,57.11712767120448,57.229305808888554,2339173
2025-07-21,56.99728470281096,57.438813618195134,56.318787032727485,56.966109740112906,1236922
2025-07-22,56.906219238879196,57.15682081264891,56.798398679629024,56.856777991804655,584873
2025-07-23,56.41000811300493,56.63179608062167,56.17645849081722,56.39516160042612,4813590
2025-07-24,55.98180481830855,56.05243999982407,55.923474750010925,56.038456894288046,4910970
2025-07-25,56.0217061489812,56.11127923841894,55.89024080262809,56.02189469744589,4815491
2025-07-28,56.36192476227494,56.623051231578444,56.01863610376732,56.41185943886388,855088
2025-07-29,56.2794951408267,56.23366961031029,55.97480456583032,56.17169648044691,1971402
2025-07-30,55.82166624298564,55.92842277073484,55.53222178014497,55.84434543214615,1704358
2025-07-31,55.77111499072659,56.213454336037,55.85158152279403,55.93853984911947,1696378
2025-08-01,54.18344101263603,55.07964253314218,54.26350421199438,54.36604827634176,2141358
2025-08-04,54.58373585066869,55.00068035813142,54.50955195979566,54.77289053936746,2599051
2025-08-05,54.85657792707443,54.83244560821007,54.74778809315431,54.788862097842184,2477200
2025-08-06,54.71164992005765,54.865049422918744,54.68374654942207,54.83794217373747,1529271
2025-08-07,55.68402691844296,55.76286769934546,55.36930398064856,55.65062699528739,4901145
2025-08-08,54.075121742780176,54.13267182342753,53.54889861349075,54.06035520892403,4900346
2025-08-11,52.492178516260765,52.57899903399987,52.37652081733062,52.49897278578711,1722981
2025-08-12,52.77708431588202,52.869756440965006,52.5799349573321,52.73084935840703,1183984
2025-08-13,52.757738617145485,52.80578045062509,52.50808336873807,52.74104043064547,2710293
2025-08-14,52.60506271211522,53.195501896218346,52.68780006728344,52.89170717627927,1908799
2025-08-15,52.50808702234145,52.73440107004633,52.43356660682859,52.542094918586876,4937021
2025-08-18,53.129365949971465,53.100903635747315,53.011892166733666,53.08423340199438,2203917
2025-08-19,54.02488319622445,53.89759381136579,53.775796464631235,53.848230542328146,294925
2025-08-20,54.4398552111263,54.680150093428985,54.13790317158631,54.256851450365794,712813
2025-08-21,53.91381901012946,54.14238126519522,53.96884502484109,54.061206131937034,465409
2025-08-22,52.35784670795661,52.645675016451875,52.294247614357374,52.3944940681973,1975841
2025-08-25,52.852388675796206,53.34504287086178,52.6660678299622,53.018454650251535,1650877
2025-08-26,54.179420635717165,54.03244526715193,53.97573162278462,54.01522676174943,4297980
2025-08-27,54.666879010827365,54.61384381398404,54.500642505729516,54.556363507881436,4463871
2025-08-28,53.895158693314436,53.94600506084473,53.34834256653982,53.8573951925694,787768
2025-08-29,54.438889235884126,54.49042171415992,54.282674375316596,54.42081120171169,4728512
2025-09-01,55.296634188886614,55.37989871329048,54.878200240680556,55.14436613509627,2961707
2025-09-02,56.60269219719951,56.53111600018701,55.752065517302206,56.46589507450265,1603365
2025-09-03,55.87452721522033,55.81099746226018,55.63637851133883,55.74541584884704,2092521
2025-09-04,55.62380761518388,55.88570993915344,55.42336011606267,55.57304943034084,2262749
2025-09-05,56.177074206188315,56.48828262931084,55.90450093601801,56.216338879051605,935629
2025-09-08,56.36800255967371,56.884836099527085,56.2229388969654,56.28165245330589,4350344
2025-09-09,55.45320059347144,55.41206848167119,55.30683924328095,55.36284379241404,160447
2025-09-10,55.70370020549349,55.940817372081476,55.49889950597352,55.724946731169446,441648
2025-09-11,56.18810631800927,56.62994249049486,56.17842664721141,56.227606089704565,1439382
2025-09-12,56.44639083339576,56.39809279690266,55.7615575294278,56.31873728880742,803581
2025-09-15,56.7096148889848,56.68488912814866,56.259697209125726,56.521498217633294,402961
2025-09-16,56.2350687165838,56.3583535751838,56.102458602504576,56.31947987779126,1978624
2025-09-17,57.56920380644952,57.691321683959394,57.589563609268936,57.59954455955635,1946165
2025-09-18,56.883533064616515,56.891835970708094,56.43814422943154,56.843636440190856,715289
2025-09-19,56.41681155288444,56.751629374839226,56.19784725419556,56.36196020618948,4070028
2025-09-22,56.32925180092596,56.41295268426852,56.309334202284056,56.3881623590776,4424611
2025-09-23,57.368967622104144,57.23826427893487,57.15044083225392,57.15366739881317,3626457
2025-09-24,55.94822986696583,56.41825282398847,55.766951009710105,55.901038739383935,2658689
2025-09-25,54.88777868837023,54.8530841389775,54.4349888150853,54.82950770699002,4742180
2025-09-26,53.38203032226412,53.81573459266833,53.00002054851712,53.19490298610449,1817467
2025-09-29,53.18915301160646,53.261983865509464,52.980852761763806,53.23696636888787,2192375
2025-09-30,52.35783254557306,53.08439374396616,51.988453034324024,52.367094386413896,173833
2025-10-01,51.950969593451326,52.3071277951076,51.93316318498695,52.08151944553595,3568226
2025-10-02,52.598420205521585,52.829888104881825,52.606900151192626,52.6165571824791,553239
2025-10-03,51.973054784121594,52.28235210654538,51.86526889497414,52.12828526152447,3360174
2025-10-06,52.403402181080885,52.51926931743869,52.044412734393916,52.325139537458575,3933890
2025-10-07,52.15012129655589,52.459062157103276,51.937380299096695,52.10635229930847,1163526
2025-10-08,52.62094787187792,52.74183178796328,52.267191726279655,52.65012333825556,3098884
2025-10-09,53.03195384452757,53.06688132000288,52.819441112765766,53.04260731512539,1587554
2025-10-10,52.59064599295672,53.002216513706394,52.43851188720364,52.51067576089512,2051769
2025-10-13,52.274701980180204,52.69476278813222,52.18948291854933,52.39371914253962,2696164
2025-10-14,53.258164874131175,53.23917768102722,53.23074450342317,53.23642653877675,1322422
2025-10-15,53.64249474464809,53.67687687837455,53.26305633571436,53.56755268782184,4003620
2025-10-16,52.28545248991382,52.57607687753498,52.127424493380914,52.47249321879539,2033675
2025-10-17,53.07958033233351,53.328896781200875,52.689145409853595,53.00696735931071,2362882
2025-10-20,51.9925512301162,52.35348020044448,51.85276511772238,52.16721357824478,4091984
2025-10-21,53.28776124336997,53.61577044174182,53.023936470240535,53.300296885172656,1215933
2025-10-22,54.0156538388408,54.5863311800542,54.010976257098115,54.14162961936157,2316043
2025-10-23,54.549583115135626,54.86051476264725,54.22865169109855,54.393881002896215,4967981
2025-10-24,54.41246341516171,54.83661145680337,54.08898962542724,54.538679122919284,2058644
2025-10-27,54.204765922645635,54.497746617257434,54.30608510094419,54.38425461714821,666336
2025-10-28,54.97173822859988,55.414387947247164,54.59306255650241,54.9570809397215,1493670
2025-10-29,54.62344100541687,54.754789117761014,54.54273341808184,54.668674192271126,4783855
2025-10-30,54.713509992165605,55.03309582181207,54.32497811833518,54.87865140385413,3819749
2025-10-31,55.67629667179469,55.62268411504499,55.56852153462408,55.61780729495598,4064326
2025-11-03,54.947895162898824,55.45074755971385,54.49243036544621,55.16762772066538,1342486
2025-11-04,54.56315310111611,54.81046426739503,54.627937927138845,54.67646909614331,4210578
2025-11-05,53.65994686624486,54.04727988786536,53.71571192657678,53.72175033086345,2027428
2025-11-06,52.971499384451334,53.224779086604684,52.54833243028533,52.88664568162778,3995096
2025-11-07,51.60468788189789,51.5747216788948,51.18551822454937,51.471328925036865,4416347
2025-11-10,52.16832450127919,52.3458439336676,51.92283021715615,52.053517112114776,1120037
2025-11-11,53.48490626085756,53.586789742096904,53.32821748522225,53.50130695708155,4698617
2025-11-12,54.40845575434392,55.029754938155904,54.32362724876217,54.67387645653966,3199653
2025-11-13,53.41417446698406,53.45154634195878,53.063366973875105,53.37245289805396,3681339
2025-11-14,54.1308574022386,54.103993610135575,53.66662139838339,53.972117445108346,3808074
2025-11-17,55.288432320723246,55.54023015296987,55.05246102403545,55.152339465920186,925395
2025-11-18,54.84288630997217,54.880840641247794,54.77818897536133,54.79215436276424,3753860
2025-11-19,54.76147231482351,55.231234179701815,54.875633174824344,54.89206083102097,1143382
2025-11-20,53.22345403690335,53.480732284759036,53.070969538769184,53.27943015252025,1430670
2025-11-21,53.71603402320166,53.524101654157846,53.093431674947595,53.50908076152111,671116
2025-11-24,52.52874252765208,52.93641205812525,52.58103736680143,52.67800349440741,987484
2025-11-25,52.730507664140454,52.96113769091553,52.32995557753741,52.85183870303425,4896723
2025-11-26,51.741376851836634,51.7117031266632,51.41234890096126,51.64402254472075,1707802
2025-11-27,52.03698114704628,52.27091267424075,52.02074834196061,52.08189232577273,1996356
2025-11-28,52.77928132777257,53.22584800150013,52.68510916078384,52.904321232980244,2451237
2025-12-01,52.46197423517083,52.671791822569816,51.85602025165341,52.302141904340196,3593401
2025-12-02,51.480606955316695,52.0348832329393,50.919288022352816,51.433179805268225,2911525
2025-12-03,49.77332739373096,50.074453755075275,49.51576008606514,49.81136346687269,2727109
2025-12-04,49.51386630726825,49.783295446151136,49.62121958940294,49.62759039575181,4201056
2025-12-05,49.41279902635928,49.6046088563504,49.15796922756902,49.211287998232116,2530122
2025-12-08,48.09166282385161,48.423007398169844,47.95548731997742,48.09401479611679,3868267
2025-12-09,48.571832103551536,48.87019284337692,48.03106176196148,48.436468829267405,4563388
2025-12-10,48.211092734615306,48.27823748006394,48.020704492991406,48.12508036231772,3413137
2025-12-11,47.3196232304623,47.44501047152441,47.26131883542222,47.36897237383012,273069
2025-12-12,46.94245210536431,47.14157351735932,46.97858289217002,46.99065898739451,1391097
2025-12-15,47.90437609808051,47.92443794540865,47.687895586487386,47.7662061469443,3126949
2025-12-16,48.35565739819229,48.58161701127928,48.17554166552544,48.21462794009587,2446514
2025-12-17,47.95442942930058,48.19073101073905,48.10252685232062,48.13512058296993,1495349
2025-12-18,48.65222780356196,48.99200993232142,48.181302583312736,48.59879049212161,1743635
2025-12-19,47.76258083735,48.35851664610425,47.71690208366165,47.7741627089572,483965
2025-12-22,47.71289663141171,48.192975059310974,47.799129153359004,47.81170651902316,1251148
2025-12-23,47.956948679558685,48.18298136315501,47.72446093677056,47.93185672693705,3935615
2025-12-24,47.481015626268075,47.85723549641815,47.438930629030196,47.609522945042116,150202
2025-12-25,47.89117895337827,48.29461769304121,47.60833389231871,47.93589886679065,4200471
2025-12-26,47.31654166196248,47.712736726365186,47.00728172132938,47.39222455485165,1763363
2025-12-29,47.722615474159504,48.3489720102908,47.721791908505296,47.7703658972815,4058611
2025-12-30,48.17500900875124,48.296509422780545,48.04352955314061,48.18189694758242,1354969
2025-12-31,46.039179923070634,46.437456582769705,46.09746336250121,46.13288195693681,4161005
2026-01-01,47.12586374851344,47.503486003896704,46.85402751970915,46.978053969868085,2902321
2026-01-02,44.93657933074827,44.94708309975808,44.82181702917491,44.8922901027156,4272100
2026-01-05,44.652398893621125,44.5630887260603,44.479747250461976,44.492708952583385,405278
2026-01-06,45.18139293261379,45.343042289231754,45.16473335235726,45.19586283726468,4007373
2026-01-07,44.94538423147364,45.04457323000932,44.893098892221104,44.99476958728439,1425546
2026-01-08,44.184061456631625,44.116213949849005,43.964461618751066,44.02921812733357,1858333
2026-01-09,43.275671485848086,43.39575038286949,43.27322945181722,43.32576124239532,319370
2026-01-12,43.99580746614712,44.08106691626292,43.63578343812511,44.011501265249834,4774889
2026-01-13,42.83551220933964,43.00951710315991,42.194210249628654,42.77391371772107,3242947
2026-01-14,43.40978038004111,43.66238283895193,43.25545063156934,43.51750586027309,4906511
2026-01-15,43.55647350803758,43.49731995921171,43.220697582373035,43.494598554499476,2884128
2026-01-16,42.78625231263539,42.926217991988075,42.53186572249818,42.73639201483476,875121
2026-01-19,42.48450991426226,42.54433457480536,42.35504446522594,42.37692969473778,1753652
2026-01-20,41.8220722570526,42.04453442348224,41.56077339495524,41.747757532842385,2255452
2026-01-21,42.4164262489084,42.609815475866796,42.181362348957144,42.306431359,821939
2026-01-22,42.77717496114348,42.94825930555473,42.74982096391383,42.786624121847225,4664383
2026-01-23,41.63791978913114,41.93016708206359,41.599574345859914,41.7098835461952,4793807
2026-01-26,41.64558356607996,41.627182574705145,41.32707286482292,41.47057893275654,2861127
2026-01-27,40.8243365300192,41.021300531542146,40.89938761056101,40.94937098028718,2963522
2026-01-28,41.645028395631364,41.99371530702939,41.75998653938689,41.76418270133522,3547109
2026-01-29,40.98545427930892,41.02034175023702,40.614899910078805,40.93918251931458,3427655
2026-01-30,42.08518384946985,41.99261430479257,41.705273108237144,41.94885125342209,407078
2026-02-02,41.9563863111639,42.19207285562821,41.70529146990717,41.94048660173707,2703608
2026-02-03,41.31060408357268,41.32503516330975,41.07069103504337,41.228205087819994,3907888
2026-02-04,40.660776512003,40.837629406582245,40.77364721097821,40.823728730293986,4052012
2026-02-05,40.30758347959417,40.64656046988351,40.2246194899723,40.34789465461282,3020601
2026-02-06,39.44727632299378,39.61848011147255,39.23146486449289,39.59567678636611,4492262
2026-02-09,39.72584360160353,39.72429199240896,39.36971479719023,39.663935262153416,2972391
2026-02-10,38.83121173733803,39.11491985782042,38.82257946364796,38.95174646204087,1975281
2026-02-11,37.61335629137051,37.842283192014726,37.18581430377538,37.70972869538198,2269040
2026-02-12,37.545385906658986,37.73881620109104,37.27716719052946,37.506826997789005,3481124
2026-02-13,36.59463056184041,36.52631763107269,36.18417000977112,36.51708110986628,4443755
2026-02-16,36.106746334273964,36.35442761171261,35.9659290052381,36.118229627546924,1226448
2026-02-17,35.68037671077336,35.990789186316114,35.48139051346309,35.63973511673881,1538116
2026-02-18,35.22541811743846,35.197327546486505,35.003029327824756,35.18757119861522,3294089
2026-02-19,36.25496832915448,36.27786698189938,35.688786113729705,36.27059565017653,3841498
2026-02-20,36.23268956861528,36.44418567543956,35.89947156829986,36.312191879707946,2055862
2026-02-23,36.49821150628501,36.89156537158442,36.330266084946295,36.45702298827167,3251573
2026-02-24,35.55261031899875,35.52082159806948,35.18803852767376,35.509069404128546,133229
2026-02-25,35.23588928595999,35.244703817009466,35.097944535663885,35.172998248432094,1529561
2026-02-26,35.3193923208339,35.3019440482987,35.26086951808547,35.29736207770788,4782086
2026-02-27,34.68823442528383,35.117674787546335,34.74692839279607,34.76949071907776,2924813
2026-03-02,35.30557803658346,35.39085246465938,35.09618337192968,35.25689952916279,4355363
2026-03-03,34.636846060123936,34.80722386057049,34.501763948265854,34.63694173291473,1166482
2026-03-04,34.46551846107826,34.60731559395492,34.248992984752405,34.49882621147323,1525099
2026-03-05,34.18698720699225,34.348911770678974,33.99478018191826,34.20714450831267,4877163
2026-03-06,34.25449742440703,34.5264473934382,34.23166140656667,34.3018516230368,4989010
2026-03-09,34.04448644261661,34.21180989774899,33.745727663672895,33.984073378211896,4396544
2026-03-10,33.76039335675894,33.943935154384455,33.58642368864538,33.8564179269358,1653925
2026-03-11,33.67978078237818,33.82362864121993,33.735471786907304,33.74683479380194,4027117
2026-03-12,33.365186986972134,33.42711683055328,33.06868800858555,33.38714055999783,2348336
2026-03-13,33.74963239274225,33.776318096743196,33.4356172793257,33.641055827986115,4235253
2026-03-16,33.842905383046165,33.939671574603175,33.63692202994625,33.77169569927491,4271169
2026-03-17,33.62624149451212,33.913132603278456,33.72261895500524,33.7369554406408,2230822
2026-03-18,33.620500357680136,33.63349579644389,33.50958741042662,33.52987934799387,1592522
2026-03-19,34.03469099093121,34.118692130953036,33.684046834504564,33.943084023315535,4876776
2026-03-20,33.75392920315702,34.097897593836684,33.75935702600582,33.833370520534054,2307647
2026-03-23,33.51829719557514,33.72514028281295,33.658489004189434,33.688183895383915,2215178
2026-03-24,33.74637642588492,33.790841038508866,33.71752063503815,33.751251566173636,3361377
2026-03-25,34.70933369081366,34.926096800628514,34.62283665171999,34.63159100466062,4689674
2026-03-26,34.060502470186094,34.065906610106566,33.73097751694812,33.95244799164465,739291
2026-03-27,34.29726583128245,34.4079698309382,34.356467511508285,34.3571040371225,4923903
2026-03-30,33.52223925138949,33.45741997948635,33.33921407338407,33.40518886562969,2169516
2026-03-31,33.37491329458629,33.56684163536301,33.42966949334498,33.52429301148055,225413
2026-04-01,34.310801278531564,34.463863580065336,34.2410054939707,34.33607610630639,1616108
2026-04-02,34.57019315121868,34.733174366691166,34.3565073070309,34.599063347965966,2366224
2026-04-03,34.778104557065134,34.75493943655127,34.56795353694208,34.6981366619223,3416194
2026-04-06,34.50735482164104,34.46197792982904,34.16012188007459,34.41798491227247,2875186
2026-04-07,34.5100843567487,34.50592359069454,34.40876824596831,34.44434913127456,766250
2026-04-08,34.23194444104057,34.5593972095758,34.20376532939822,34.324658780218186,2492345
2026-04-09,33.99107918176801,34.06927165264874,33.51198498432487,33.93253747651905,1240384
2026-04-10,33.82985827455427,33.90055679411699,33.69941998118819,33.79545166806104,1420776
2026-04-13,33.79300665934498,34.096886363451596,33.87898313739378,33.906337533675334,3585743
2026-04-14,33.389820978415436,33.60217822501244,33.44771879210494,33.5284284288563,4036101
2026-04-15,33.20409753998054,33.33356252059583,33.10532852668869,33.135309347532015,865499
2026-04-16,32.464122173144595,32.62327027821,32.39530825980837,32.47581991807654,3051633
2026-04-17,32.59252644888336,32.7228263923273,32.329512823256934,32.67651699786226,2167894
2026-04-20,32.94106657910613,33.1251816645052,32.80282467950445,32.95478710228867,1749646
2026-04-21,33.10350798313943,33.129856693043706,33.039229040910364,33.07942344499239,3593115
2026-04-22,33.56632332315204,33.68776459092566,33.51918805843864,33.57188626035409,1319260
2026-04-23,33.52187508097205,33.727447497687265,33.463804075345394,33.626250029827744,3850795
2026-04-24,33.962303803654855,33.949542266958034,33.58604825579995,33.834709264387755,2063670
2026-04-27,34.06774901285507,34.17144282433619,33.96140210960308,33.99946326895382,564917
2026-04-28,33.94021715651578,34.00472507468639,33.689011543401094,33.96299800395929,3982018
2026-04-29,33.683865259596885,33.81322728406819,33.66951948899382,33.70375685666134,4274778
2026-04-30,34.87744399022318,35.07078939725175,34.61142329710473,34.852386003335425,2859041
